CREATE DATABASE  IF NOT EXISTS `qrcheck` /*!40100 DEFAULT CHARACTER SET utf8 */ /*!80016 DEFAULT ENCRYPTION='N' */;
USE `qrcheck`;
-- MySQL dump 10.13  Distrib 8.0.17, for Win64 (x86_64)
--
-- Host: localhost    Database: qrcheck
-- ------------------------------------------------------
-- Server version	8.0.17

/*!40101 SET @OLD_CHARACTER_SET_CLIENT=@@CHARACTER_SET_CLIENT */;
/*!40101 SET @OLD_CHARACTER_SET_RESULTS=@@CHARACTER_SET_RESULTS */;
/*!40101 SET @OLD_COLLATION_CONNECTION=@@COLLATION_CONNECTION */;
/*!50503 SET NAMES utf8 */;
/*!40103 SET @OLD_TIME_ZONE=@@TIME_ZONE */;
/*!40103 SET TIME_ZONE='+00:00' */;
/*!40014 SET @OLD_UNIQUE_CHECKS=@@UNIQUE_CHECKS, UNIQUE_CHECKS=0 */;
/*!40014 SET @OLD_FOREIGN_KEY_CHECKS=@@FOREIGN_KEY_CHECKS, FOREIGN_KEY_CHECKS=0 */;
/*!40101 SET @OLD_SQL_MODE=@@SQL_MODE, SQL_MODE='NO_AUTO_VALUE_ON_ZERO' */;
/*!40111 SET @OLD_SQL_NOTES=@@SQL_NOTES, SQL_NOTES=0 */;

--
-- Table structure for table `admin`
--

DROP TABLE IF EXISTS `admin`;
/*!40101 SET @saved_cs_client     = @@character_set_client */;
/*!50503 SET character_set_client = utf8mb4 */;
CREATE TABLE `admin` (
  `id` int(11) NOT NULL AUTO_INCREMENT,
  `admin_num` varchar(50) NOT NULL,
  `password` varchar(500) NOT NULL,
  `sem_id` int(11) NOT NULL,
  PRIMARY KEY (`id`),
  KEY `fk_admin_semester1_idx` (`sem_id`),
  CONSTRAINT `fk_admin_semester1` FOREIGN KEY (`sem_id`) REFERENCES `semester` (`id`)
) ENGINE=InnoDB AUTO_INCREMENT=2 DEFAULT CHARSET=utf8;
/*!40101 SET character_set_client = @saved_cs_client */;

--
-- Dumping data for table `admin`
--

LOCK TABLES `admin` WRITE;
/*!40000 ALTER TABLE `admin` DISABLE KEYS */;
INSERT INTO `admin` VALUES (1,'111','1234',1);
/*!40000 ALTER TABLE `admin` ENABLE KEYS */;
UNLOCK TABLES;

--
-- Table structure for table `attendance`
--

DROP TABLE IF EXISTS `attendance`;
/*!40101 SET @saved_cs_client     = @@character_set_client */;
/*!50503 SET character_set_client = utf8mb4 */;
CREATE TABLE `attendance` (
  `id` int(100) NOT NULL AUTO_INCREMENT,
  `regi_id` int(11) NOT NULL,
  `num` int(11) NOT NULL COMMENT '회차',
  `state` int(1) NOT NULL,
  PRIMARY KEY (`id`),
  KEY `fk_check_registration2` (`regi_id`),
  CONSTRAINT `fk_check_registration2` FOREIGN KEY (`regi_id`) REFERENCES `registration` (`id`)
) ENGINE=InnoDB AUTO_INCREMENT=4531 DEFAULT CHARSET=utf8;
/*!40101 SET character_set_client = @saved_cs_client */;

--
-- Dumping data for table `attendance`
--

LOCK TABLES `attendance` WRITE;
/*!40000 ALTER TABLE `attendance` DISABLE KEYS */;
INSERT INTO `attendance` VALUES (1,1,1,1),(2,1,2,1),(3,1,3,1),(4,1,4,1),(5,1,5,3),(6,1,6,0),(7,1,7,0),(8,1,8,0),(9,1,9,0),(10,1,10,0),(11,1,11,0),(12,1,12,0),(13,1,13,0),(14,1,14,0),(15,1,15,0),(16,2,1,2),(17,2,2,1),(18,2,3,1),(19,2,4,1),(20,2,5,3),(21,2,6,0),(22,2,7,0),(23,2,8,0),(24,2,9,0),(25,2,10,0),(26,2,11,0),(27,2,12,0),(28,2,13,0),(29,2,14,0),(30,2,15,0),(31,3,1,1),(32,3,2,1),(33,3,3,1),(34,3,4,1),(35,3,5,3),(36,3,6,0),(37,3,7,0),(38,3,8,0),(39,3,9,0),(40,3,10,0),(41,3,11,0),(42,3,12,0),(43,3,13,0),(44,3,14,0),(45,3,15,0),(46,4,1,2),(47,4,2,1),(48,4,3,2),(49,4,4,1),(50,4,5,3),(51,4,6,0),(52,4,7,0),(53,4,8,0),(54,4,9,0),(55,4,10,0),(56,4,11,0),(57,4,12,0),(58,4,13,0),(59,4,14,0),(60,4,15,0),(61,5,1,1),(62,5,2,1),(63,5,3,1),(64,5,4,1),(65,5,5,3),(66,5,6,0),(67,5,7,0),(68,5,8,0),(69,5,9,0),(70,5,10,0),(71,5,11,0),(72,5,12,0),(73,5,13,0),(74,5,14,0),(75,5,15,0),(76,6,1,1),(77,6,2,1),(78,6,3,1),(79,6,4,1),(80,6,5,3),(81,6,6,0),(82,6,7,0),(83,6,8,0),(84,6,9,0),(85,6,10,0),(86,6,11,0),(87,6,12,0),(88,6,13,0),(89,6,14,0),(90,6,15,0),(91,7,1,1),(92,7,2,1),(93,7,3,1),(94,7,4,1),(95,7,5,3),(96,7,6,0),(97,7,7,0),(98,7,8,0),(99,7,9,0),(100,7,10,0),(101,7,11,0),(102,7,12,0),(103,7,13,0),(104,7,14,0),(105,7,15,0),(106,8,1,1),(107,8,2,3),(108,8,3,1),(109,8,4,1),(110,8,5,3),(111,8,6,0),(112,8,7,0),(113,8,8,0),(114,8,9,0),(115,8,10,0),(116,8,11,0),(117,8,12,0),(118,8,13,0),(119,8,14,0),(120,8,15,0),(121,10,1,1),(122,10,2,1),(123,10,3,1),(124,10,4,1),(125,10,5,3),(126,10,6,0),(127,10,7,0),(128,10,8,0),(129,10,9,0),(130,10,10,0),(131,10,11,0),(132,10,12,0),(133,10,13,0),(134,10,14,0),(135,10,15,0),(136,11,1,1),(137,11,2,1),(138,11,3,2),(139,11,4,1),(140,11,5,3),(141,11,6,0),(142,11,7,0),(143,11,8,0),(144,11,9,0),(145,11,10,0),(146,11,11,0),(147,11,12,0),(148,11,13,0),(149,11,14,0),(150,11,15,0),(151,12,1,1),(152,12,2,1),(153,12,3,1),(154,12,4,1),(155,12,5,3),(156,12,6,0),(157,12,7,0),(158,12,8,0),(159,12,9,0),(160,12,10,0),(161,12,11,0),(162,12,12,0),(163,12,13,0),(164,12,14,0),(165,12,15,0),(166,13,1,1),(167,13,2,1),(168,13,3,1),(169,13,4,1),(170,13,5,3),(171,13,6,0),(172,13,7,0),(173,13,8,0),(174,13,9,0),(175,13,10,0),(176,13,11,0),(177,13,12,0),(178,13,13,0),(179,13,14,0),(180,13,15,0),(181,14,1,1),(182,14,2,1),(183,14,3,1),(184,14,4,1),(185,14,5,1),(186,14,6,0),(187,14,7,0),(188,14,8,0),(189,14,9,0),(190,14,10,0),(191,14,11,0),(192,14,12,0),(193,14,13,0),(194,14,14,0),(195,14,15,0),(196,15,1,1),(197,15,2,1),(198,15,3,1),(199,15,4,1),(200,15,5,4),(201,15,6,0),(202,15,7,0),(203,15,8,0),(204,15,9,0),(205,15,10,0),(206,15,11,0),(207,15,12,0),(208,15,13,0),(209,15,14,0),(210,15,15,0),(211,16,1,1),(212,16,2,1),(213,16,3,1),(214,16,4,1),(215,16,5,3),(216,16,6,0),(217,16,7,0),(218,16,8,0),(219,16,9,0),(220,16,10,0),(221,16,11,0),(222,16,12,0),(223,16,13,0),(224,16,14,0),(225,16,15,0),(226,17,1,1),(227,17,2,1),(228,17,3,1),(229,17,4,1),(230,17,5,3),(231,17,6,0),(232,17,7,0),(233,17,8,0),(234,17,9,0),(235,17,10,0),(236,17,11,0),(237,17,12,0),(238,17,13,0),(239,17,14,0),(240,17,15,0),(241,18,1,1),(242,18,2,1),(243,18,3,1),(244,18,4,1),(245,18,5,3),(246,18,6,0),(247,18,7,0),(248,18,8,0),(249,18,9,0),(250,18,10,0),(251,18,11,0),(252,18,12,0),(253,18,13,0),(254,18,14,0),(255,18,15,0),(256,19,1,1),(257,19,2,1),(258,19,3,1),(259,19,4,1),(260,19,5,3),(261,19,6,0),(262,19,7,0),(263,19,8,0),(264,19,9,0),(265,19,10,0),(266,19,11,0),(267,19,12,0),(268,19,13,0),(269,19,14,0),(270,19,15,0),(271,20,1,1),(272,20,2,1),(273,20,3,1),(274,20,4,1),(275,20,5,3),(276,20,6,0),(277,20,7,0),(278,20,8,0),(279,20,9,0),(280,20,10,0),(281,20,11,0),(282,20,12,0),(283,20,13,0),(284,20,14,0),(285,20,15,0),(286,21,1,1),(287,21,2,1),(288,21,3,1),(289,21,4,1),(290,21,5,3),(291,21,6,0),(292,21,7,0),(293,21,8,0),(294,21,9,0),(295,21,10,0),(296,21,11,0),(297,21,12,0),(298,21,13,0),(299,21,14,0),(300,21,15,0),(301,22,1,1),(302,22,2,1),(303,22,3,1),(304,22,4,1),(305,22,5,3),(306,22,6,0),(307,22,7,0),(308,22,8,0),(309,22,9,0),(310,22,10,0),(311,22,11,0),(312,22,12,0),(313,22,13,0),(314,22,14,0),(315,22,15,0),(316,23,1,1),(317,23,2,1),(318,23,3,1),(319,23,4,1),(320,23,5,3),(321,23,6,0),(322,23,7,0),(323,23,8,0),(324,23,9,0),(325,23,10,0),(326,23,11,0),(327,23,12,0),(328,23,13,0),(329,23,14,0),(330,23,15,0),(331,24,1,1),(332,24,2,1),(333,24,3,1),(334,24,4,1),(335,24,5,3),(336,24,6,0),(337,24,7,0),(338,24,8,0),(339,24,9,0),(340,24,10,0),(341,24,11,0),(342,24,12,0),(343,24,13,0),(344,24,14,0),(345,24,15,0),(346,25,1,1),(347,25,2,1),(348,25,3,1),(349,25,4,1),(350,25,5,3),(351,25,6,0),(352,25,7,0),(353,25,8,0),(354,25,9,0),(355,25,10,0),(356,25,11,0),(357,25,12,0),(358,25,13,0),(359,25,14,0),(360,25,15,0),(361,26,1,1),(362,26,2,1),(363,26,3,1),(364,26,4,1),(365,26,5,3),(366,26,6,0),(367,26,7,0),(368,26,8,0),(369,26,9,0),(370,26,10,0),(371,26,11,0),(372,26,12,0),(373,26,13,0),(374,26,14,0),(375,26,15,0),(376,27,1,1),(377,27,2,1),(378,27,3,1),(379,27,4,1),(380,27,5,3),(381,27,6,0),(382,27,7,0),(383,27,8,0),(384,27,9,0),(385,27,10,0),(386,27,11,0),(387,27,12,0),(388,27,13,0),(389,27,14,0),(390,27,15,0),(391,28,1,1),(392,28,2,1),(393,28,3,1),(394,28,4,1),(395,28,5,3),(396,28,6,0),(397,28,7,0),(398,28,8,0),(399,28,9,0),(400,28,10,0),(401,28,11,0),(402,28,12,0),(403,28,13,0),(404,28,14,0),(405,28,15,0),(406,29,1,1),(407,29,2,1),(408,29,3,1),(409,29,4,1),(410,29,5,3),(411,29,6,0),(412,29,7,0),(413,29,8,0),(414,29,9,0),(415,29,10,0),(416,29,11,0),(417,29,12,0),(418,29,13,0),(419,29,14,0),(420,29,15,0),(421,30,1,1),(422,30,2,1),(423,30,3,1),(424,30,4,1),(425,30,5,3),(426,30,6,0),(427,30,7,0),(428,30,8,0),(429,30,9,0),(430,30,10,0),(431,30,11,0),(432,30,12,0),(433,30,13,0),(434,30,14,0),(435,30,15,0),(436,31,1,1),(437,31,2,1),(438,31,3,1),(439,31,4,1),(440,31,5,3),(441,31,6,0),(442,31,7,0),(443,31,8,0),(444,31,9,0),(445,31,10,0),(446,31,11,0),(447,31,12,0),(448,31,13,0),(449,31,14,0),(450,31,15,0),(451,32,1,1),(452,32,2,1),(453,32,3,1),(454,32,4,1),(455,32,5,3),(456,32,6,0),(457,32,7,0),(458,32,8,0),(459,32,9,0),(460,32,10,0),(461,32,11,0),(462,32,12,0),(463,32,13,0),(464,32,14,0),(465,32,15,0),(466,33,1,1),(467,33,2,1),(468,33,3,1),(469,33,4,1),(470,33,5,3),(471,33,6,0),(472,33,7,0),(473,33,8,0),(474,33,9,0),(475,33,10,0),(476,33,11,0),(477,33,12,0),(478,33,13,0),(479,33,14,0),(480,33,15,0),(481,34,1,1),(482,34,2,1),(483,34,3,1),(484,34,4,1),(485,34,5,3),(486,34,6,0),(487,34,7,0),(488,34,8,0),(489,34,9,0),(490,34,10,0),(491,34,11,0),(492,34,12,0),(493,34,13,0),(494,34,14,0),(495,34,15,0),(496,35,1,1),(497,35,2,1),(498,35,3,1),(499,35,4,1),(500,35,5,3),(501,35,6,0),(502,35,7,0),(503,35,8,0),(504,35,9,0),(505,35,10,0),(506,35,11,0),(507,35,12,0),(508,35,13,0),(509,35,14,0),(510,35,15,0),(511,36,1,1),(512,36,2,1),(513,36,3,1),(514,36,4,1),(515,36,5,3),(516,36,6,0),(517,36,7,0),(518,36,8,0),(519,36,9,0),(520,36,10,0),(521,36,11,0),(522,36,12,0),(523,36,13,0),(524,36,14,0),(525,36,15,0),(526,37,1,1),(527,37,2,1),(528,37,3,1),(529,37,4,1),(530,37,5,3),(531,37,6,0),(532,37,7,0),(533,37,8,0),(534,37,9,0),(535,37,10,0),(536,37,11,0),(537,37,12,0),(538,37,13,0),(539,37,14,0),(540,37,15,0),(541,38,1,1),(542,38,2,1),(543,38,3,1),(544,38,4,1),(545,38,5,3),(546,38,6,0),(547,38,7,0),(548,38,8,0),(549,38,9,0),(550,38,10,0),(551,38,11,0),(552,38,12,0),(553,38,13,0),(554,38,14,0),(555,38,15,0),(556,39,1,1),(557,39,2,1),(558,39,3,1),(559,39,4,1),(560,39,5,3),(561,39,6,0),(562,39,7,0),(563,39,8,0),(564,39,9,0),(565,39,10,0),(566,39,11,0),(567,39,12,0),(568,39,13,0),(569,39,14,0),(570,39,15,0),(571,40,1,1),(572,40,2,1),(573,40,3,1),(574,40,4,1),(575,40,5,3),(576,40,6,0),(577,40,7,0),(578,40,8,0),(579,40,9,0),(580,40,10,0),(581,40,11,0),(582,40,12,0),(583,40,13,0),(584,40,14,0),(585,40,15,0),(586,41,1,1),(587,41,2,1),(588,41,3,1),(589,41,4,1),(590,41,5,3),(591,41,6,0),(592,41,7,0),(593,41,8,0),(594,41,9,0),(595,41,10,0),(596,41,11,0),(597,41,12,0),(598,41,13,0),(599,41,14,0),(600,41,15,0),(601,42,1,1),(602,42,2,1),(603,42,3,1),(604,42,4,1),(605,42,5,3),(606,42,6,0),(607,42,7,0),(608,42,8,0),(609,42,9,0),(610,42,10,0),(611,42,11,0),(612,42,12,0),(613,42,13,0),(614,42,14,0),(615,42,15,0),(616,43,1,1),(617,43,2,1),(618,43,3,1),(619,43,4,1),(620,43,5,3),(621,43,6,0),(622,43,7,0),(623,43,8,0),(624,43,9,0),(625,43,10,0),(626,43,11,0),(627,43,12,0),(628,43,13,0),(629,43,14,0),(630,43,15,0),(631,44,1,1),(632,44,2,1),(633,44,3,1),(634,44,4,1),(635,44,5,1),(636,44,6,1),(637,44,7,1),(638,44,8,1),(639,44,9,0),(640,44,10,0),(641,44,11,0),(642,44,12,0),(643,44,13,0),(644,44,14,0),(645,44,15,0),(646,44,16,0),(647,44,17,0),(648,44,18,0),(649,44,19,0),(650,44,20,0),(651,44,21,0),(652,44,22,0),(653,44,23,0),(654,44,24,0),(655,44,25,0),(656,44,26,0),(657,44,27,0),(658,44,28,0),(659,44,29,0),(660,44,30,0),(661,45,1,1),(662,45,2,1),(663,45,3,1),(664,45,4,1),(665,45,5,1),(666,45,6,1),(667,45,7,1),(668,45,8,1),(669,45,9,0),(670,45,10,0),(671,45,11,0),(672,45,12,0),(673,45,13,0),(674,45,14,0),(675,45,15,0),(676,45,16,0),(677,45,17,0),(678,45,18,0),(679,45,19,0),(680,45,20,0),(681,45,21,0),(682,45,22,0),(683,45,23,0),(684,45,24,0),(685,45,25,0),(686,45,26,0),(687,45,27,0),(688,45,28,0),(689,45,29,0),(690,45,30,0),(691,46,1,1),(692,46,2,1),(693,46,3,1),(694,46,4,1),(695,46,5,1),(696,46,6,1),(697,46,7,1),(698,46,8,1),(699,46,9,0),(700,46,10,0),(701,46,11,0),(702,46,12,0),(703,46,13,0),(704,46,14,0),(705,46,15,0),(706,46,16,0),(707,46,17,0),(708,46,18,0),(709,46,19,0),(710,46,20,0),(711,46,21,0),(712,46,22,0),(713,46,23,0),(714,46,24,0),(715,46,25,0),(716,46,26,0),(717,46,27,0),(718,46,28,0),(719,46,29,0),(720,46,30,0),(721,47,1,1),(722,47,2,1),(723,47,3,1),(724,47,4,1),(725,47,5,1),(726,47,6,1),(727,47,7,1),(728,47,8,1),(729,47,9,0),(730,47,10,0),(731,47,11,0),(732,47,12,0),(733,47,13,0),(734,47,14,0),(735,47,15,0),(736,47,16,0),(737,47,17,0),(738,47,18,0),(739,47,19,0),(740,47,20,0),(741,47,21,0),(742,47,22,0),(743,47,23,0),(744,47,24,0),(745,47,25,0),(746,47,26,0),(747,47,27,0),(748,47,28,0),(749,47,29,0),(750,47,30,0),(751,48,1,1),(752,48,2,1),(753,48,3,1),(754,48,4,1),(755,48,5,1),(756,48,6,1),(757,48,7,1),(758,48,8,1),(759,48,9,0),(760,48,10,0),(761,48,11,0),(762,48,12,0),(763,48,13,0),(764,48,14,0),(765,48,15,0),(766,48,16,0),(767,48,17,0),(768,48,18,0),(769,48,19,0),(770,48,20,0),(771,48,21,0),(772,48,22,0),(773,48,23,0),(774,48,24,0),(775,48,25,0),(776,48,26,0),(777,48,27,0),(778,48,28,0),(779,48,29,0),(780,48,30,0),(781,49,1,1),(782,49,2,1),(783,49,3,1),(784,49,4,1),(785,49,5,1),(786,49,6,1),(787,49,7,1),(788,49,8,1),(789,49,9,0),(790,49,10,0),(791,49,11,0),(792,49,12,0),(793,49,13,0),(794,49,14,0),(795,49,15,0),(796,49,16,0),(797,49,17,0),(798,49,18,0),(799,49,19,0),(800,49,20,0),(801,49,21,0),(802,49,22,0),(803,49,23,0),(804,49,24,0),(805,49,25,0),(806,49,26,0),(807,49,27,0),(808,49,28,0),(809,49,29,0),(810,49,30,0),(811,50,1,1),(812,50,2,1),(813,50,3,1),(814,50,4,1),(815,50,5,1),(816,50,6,1),(817,50,7,1),(818,50,8,1),(819,50,9,0),(820,50,10,0),(821,50,11,0),(822,50,12,0),(823,50,13,0),(824,50,14,0),(825,50,15,0),(826,50,16,0),(827,50,17,0),(828,50,18,0),(829,50,19,0),(830,50,20,0),(831,50,21,0),(832,50,22,0),(833,50,23,0),(834,50,24,0),(835,50,25,0),(836,50,26,0),(837,50,27,0),(838,50,28,0),(839,50,29,0),(840,50,30,0),(841,51,1,1),(842,51,2,1),(843,51,3,1),(844,51,4,1),(845,51,5,1),(846,51,6,1),(847,51,7,1),(848,51,8,1),(849,51,9,0),(850,51,10,0),(851,51,11,0),(852,51,12,0),(853,51,13,0),(854,51,14,0),(855,51,15,0),(856,51,16,0),(857,51,17,0),(858,51,18,0),(859,51,19,0),(860,51,20,0),(861,51,21,0),(862,51,22,0),(863,51,23,0),(864,51,24,0),(865,51,25,0),(866,51,26,0),(867,51,27,0),(868,51,28,0),(869,51,29,0),(870,51,30,0),(871,52,1,1),(872,52,2,1),(873,52,3,1),(874,52,4,1),(875,52,5,1),(876,52,6,1),(877,52,7,1),(878,52,8,1),(879,52,9,0),(880,52,10,0),(881,52,11,0),(882,52,12,0),(883,52,13,0),(884,52,14,0),(885,52,15,0),(886,52,16,0),(887,52,17,0),(888,52,18,0),(889,52,19,0),(890,52,20,0),(891,52,21,0),(892,52,22,0),(893,52,23,0),(894,52,24,0),(895,52,25,0),(896,52,26,0),(897,52,27,0),(898,52,28,0),(899,52,29,0),(900,52,30,0),(901,53,1,1),(902,53,2,1),(903,53,3,1),(904,53,4,1),(905,53,5,1),(906,53,6,1),(907,53,7,1),(908,53,8,1),(909,53,9,0),(910,53,10,0),(911,53,11,0),(912,53,12,0),(913,53,13,0),(914,53,14,0),(915,53,15,0),(916,53,16,0),(917,53,17,0),(918,53,18,0),(919,53,19,0),(920,53,20,0),(921,53,21,0),(922,53,22,0),(923,53,23,0),(924,53,24,0),(925,53,25,0),(926,53,26,0),(927,53,27,0),(928,53,28,0),(929,53,29,0),(930,53,30,0),(931,54,1,1),(932,54,2,1),(933,54,3,1),(934,54,4,1),(935,54,5,1),(936,54,6,1),(937,54,7,1),(938,54,8,1),(939,54,9,0),(940,54,10,0),(941,54,11,0),(942,54,12,0),(943,54,13,0),(944,54,14,0),(945,54,15,0),(946,54,16,0),(947,54,17,0),(948,54,18,0),(949,54,19,0),(950,54,20,0),(951,54,21,0),(952,54,22,0),(953,54,23,0),(954,54,24,0),(955,54,25,0),(956,54,26,0),(957,54,27,0),(958,54,28,0),(959,54,29,0),(960,54,30,0),(961,55,1,1),(962,55,2,1),(963,55,3,1),(964,55,4,1),(965,55,5,1),(966,55,6,1),(967,55,7,1),(968,55,8,1),(969,55,9,0),(970,55,10,0),(971,55,11,0),(972,55,12,0),(973,55,13,0),(974,55,14,0),(975,55,15,0),(976,55,16,0),(977,55,17,0),(978,55,18,0),(979,55,19,0),(980,55,20,0),(981,55,21,0),(982,55,22,0),(983,55,23,0),(984,55,24,0),(985,55,25,0),(986,55,26,0),(987,55,27,0),(988,55,28,0),(989,55,29,0),(990,55,30,0),(991,56,1,1),(992,56,2,1),(993,56,3,1),(994,56,4,1),(995,56,5,1),(996,56,6,1),(997,56,7,1),(998,56,8,1),(999,56,9,0),(1000,56,10,0),(1001,56,11,0),(1002,56,12,0),(1003,56,13,0),(1004,56,14,0),(1005,56,15,0),(1006,56,16,0),(1007,56,17,0),(1008,56,18,0),(1009,56,19,0),(1010,56,20,0),(1011,56,21,0),(1012,56,22,0),(1013,56,23,0),(1014,56,24,0),(1015,56,25,0),(1016,56,26,0),(1017,56,27,0),(1018,56,28,0),(1019,56,29,0),(1020,56,30,0),(1021,57,1,1),(1022,57,2,1),(1023,57,3,1),(1024,57,4,1),(1025,57,5,1),(1026,57,6,1),(1027,57,7,1),(1028,57,8,1),(1029,57,9,0),(1030,57,10,0),(1031,57,11,0),(1032,57,12,0),(1033,57,13,0),(1034,57,14,0),(1035,57,15,0),(1036,57,16,0),(1037,57,17,0),(1038,57,18,0),(1039,57,19,0),(1040,57,20,0),(1041,57,21,0),(1042,57,22,0),(1043,57,23,0),(1044,57,24,0),(1045,57,25,0),(1046,57,26,0),(1047,57,27,0),(1048,57,28,0),(1049,57,29,0),(1050,57,30,0),(1051,58,1,1),(1052,58,2,1),(1053,58,3,1),(1054,58,4,1),(1055,58,5,1),(1056,58,6,1),(1057,58,7,1),(1058,58,8,1),(1059,58,9,0),(1060,58,10,0),(1061,58,11,0),(1062,58,12,0),(1063,58,13,0),(1064,58,14,0),(1065,58,15,0),(1066,58,16,0),(1067,58,17,0),(1068,58,18,0),(1069,58,19,0),(1070,58,20,0),(1071,58,21,0),(1072,58,22,0),(1073,58,23,0),(1074,58,24,0),(1075,58,25,0),(1076,58,26,0),(1077,58,27,0),(1078,58,28,0),(1079,58,29,0),(1080,58,30,0),(1081,59,1,1),(1082,59,2,1),(1083,59,3,1),(1084,59,4,1),(1085,59,5,1),(1086,59,6,1),(1087,59,7,1),(1088,59,8,1),(1089,59,9,0),(1090,59,10,0),(1091,59,11,0),(1092,59,12,0),(1093,59,13,0),(1094,59,14,0),(1095,59,15,0),(1096,59,16,0),(1097,59,17,0),(1098,59,18,0),(1099,59,19,0),(1100,59,20,0),(1101,59,21,0),(1102,59,22,0),(1103,59,23,0),(1104,59,24,0),(1105,59,25,0),(1106,59,26,0),(1107,59,27,0),(1108,59,28,0),(1109,59,29,0),(1110,59,30,0),(1111,60,1,1),(1112,60,2,1),(1113,60,3,1),(1114,60,4,1),(1115,60,5,1),(1116,60,6,1),(1117,60,7,1),(1118,60,8,1),(1119,60,9,0),(1120,60,10,0),(1121,60,11,0),(1122,60,12,0),(1123,60,13,0),(1124,60,14,0),(1125,60,15,0),(1126,60,16,0),(1127,60,17,0),(1128,60,18,0),(1129,60,19,0),(1130,60,20,0),(1131,60,21,0),(1132,60,22,0),(1133,60,23,0),(1134,60,24,0),(1135,60,25,0),(1136,60,26,0),(1137,60,27,0),(1138,60,28,0),(1139,60,29,0),(1140,60,30,0),(1141,61,1,1),(1142,61,2,1),(1143,61,3,1),(1144,61,4,1),(1145,61,5,1),(1146,61,6,1),(1147,61,7,1),(1148,61,8,1),(1149,61,9,0),(1150,61,10,0),(1151,61,11,0),(1152,61,12,0),(1153,61,13,0),(1154,61,14,0),(1155,61,15,0),(1156,61,16,0),(1157,61,17,0),(1158,61,18,0),(1159,61,19,0),(1160,61,20,0),(1161,61,21,0),(1162,61,22,0),(1163,61,23,0),(1164,61,24,0),(1165,61,25,0),(1166,61,26,0),(1167,61,27,0),(1168,61,28,0),(1169,61,29,0),(1170,61,30,0),(1171,62,1,1),(1172,62,2,1),(1173,62,3,1),(1174,62,4,1),(1175,62,5,1),(1176,62,6,1),(1177,62,7,1),(1178,62,8,1),(1179,62,9,0),(1180,62,10,0),(1181,62,11,0),(1182,62,12,0),(1183,62,13,0),(1184,62,14,0),(1185,62,15,0),(1186,62,16,0),(1187,62,17,0),(1188,62,18,0),(1189,62,19,0),(1190,62,20,0),(1191,62,21,0),(1192,62,22,0),(1193,62,23,0),(1194,62,24,0),(1195,62,25,0),(1196,62,26,0),(1197,62,27,0),(1198,62,28,0),(1199,62,29,0),(1200,62,30,0),(1201,63,1,1),(1202,63,2,1),(1203,63,3,1),(1204,63,4,1),(1205,63,5,1),(1206,63,6,1),(1207,63,7,1),(1208,63,8,1),(1209,63,9,0),(1210,63,10,0),(1211,63,11,0),(1212,63,12,0),(1213,63,13,0),(1214,63,14,0),(1215,63,15,0),(1216,63,16,0),(1217,63,17,0),(1218,63,18,0),(1219,63,19,0),(1220,63,20,0),(1221,63,21,0),(1222,63,22,0),(1223,63,23,0),(1224,63,24,0),(1225,63,25,0),(1226,63,26,0),(1227,63,27,0),(1228,63,28,0),(1229,63,29,0),(1230,63,30,0),(1231,64,1,1),(1232,64,2,1),(1233,64,3,1),(1234,64,4,1),(1235,64,5,1),(1236,64,6,1),(1237,64,7,1),(1238,64,8,1),(1239,64,9,0),(1240,64,10,0),(1241,64,11,0),(1242,64,12,0),(1243,64,13,0),(1244,64,14,0),(1245,64,15,0),(1246,64,16,0),(1247,64,17,0),(1248,64,18,0),(1249,64,19,0),(1250,64,20,0),(1251,64,21,0),(1252,64,22,0),(1253,64,23,0),(1254,64,24,0),(1255,64,25,0),(1256,64,26,0),(1257,64,27,0),(1258,64,28,0),(1259,64,29,0),(1260,64,30,0),(1261,65,1,1),(1262,65,2,1),(1263,65,3,1),(1264,65,4,1),(1265,65,5,1),(1266,65,6,1),(1267,65,7,1),(1268,65,8,1),(1269,65,9,0),(1270,65,10,0),(1271,65,11,0),(1272,65,12,0),(1273,65,13,0),(1274,65,14,0),(1275,65,15,0),(1276,65,16,0),(1277,65,17,0),(1278,65,18,0),(1279,65,19,0),(1280,65,20,0),(1281,65,21,0),(1282,65,22,0),(1283,65,23,0),(1284,65,24,0),(1285,65,25,0),(1286,65,26,0),(1287,65,27,0),(1288,65,28,0),(1289,65,29,0),(1290,65,30,0),(1291,66,1,1),(1292,66,2,1),(1293,66,3,1),(1294,66,4,1),(1295,66,5,1),(1296,66,6,1),(1297,66,7,1),(1298,66,8,1),(1299,66,9,0),(1300,66,10,0),(1301,66,11,0),(1302,66,12,0),(1303,66,13,0),(1304,66,14,0),(1305,66,15,0),(1306,66,16,0),(1307,66,17,0),(1308,66,18,0),(1309,66,19,0),(1310,66,20,0),(1311,66,21,0),(1312,66,22,0),(1313,66,23,0),(1314,66,24,0),(1315,66,25,0),(1316,66,26,0),(1317,66,27,0),(1318,66,28,0),(1319,66,29,0),(1320,66,30,0),(1321,67,1,1),(1322,67,2,1),(1323,67,3,1),(1324,67,4,1),(1325,67,5,1),(1326,67,6,1),(1327,67,7,1),(1328,67,8,1),(1329,67,9,0),(1330,67,10,0),(1331,67,11,0),(1332,67,12,0),(1333,67,13,0),(1334,67,14,0),(1335,67,15,0),(1336,67,16,0),(1337,67,17,0),(1338,67,18,0),(1339,67,19,0),(1340,67,20,0),(1341,67,21,0),(1342,67,22,0),(1343,67,23,0),(1344,67,24,0),(1345,67,25,0),(1346,67,26,0),(1347,67,27,0),(1348,67,28,0),(1349,67,29,0),(1350,67,30,0),(1351,68,1,1),(1352,68,2,1),(1353,68,3,1),(1354,68,4,1),(1355,68,5,1),(1356,68,6,1),(1357,68,7,1),(1358,68,8,1),(1359,68,9,0),(1360,68,10,0),(1361,68,11,0),(1362,68,12,0),(1363,68,13,0),(1364,68,14,0),(1365,68,15,0),(1366,68,16,0),(1367,68,17,0),(1368,68,18,0),(1369,68,19,0),(1370,68,20,0),(1371,68,21,0),(1372,68,22,0),(1373,68,23,0),(1374,68,24,0),(1375,68,25,0),(1376,68,26,0),(1377,68,27,0),(1378,68,28,0),(1379,68,29,0),(1380,68,30,0),(1381,69,1,1),(1382,69,2,1),(1383,69,3,1),(1384,69,4,1),(1385,69,5,1),(1386,69,6,1),(1387,69,7,1),(1388,69,8,1),(1389,69,9,0),(1390,69,10,0),(1391,69,11,0),(1392,69,12,0),(1393,69,13,0),(1394,69,14,0),(1395,69,15,0),(1396,69,16,0),(1397,69,17,0),(1398,69,18,0),(1399,69,19,0),(1400,69,20,0),(1401,69,21,0),(1402,69,22,0),(1403,69,23,0),(1404,69,24,0),(1405,69,25,0),(1406,69,26,0),(1407,69,27,0),(1408,69,28,0),(1409,69,29,0),(1410,69,30,0),(1411,70,1,1),(1412,70,2,1),(1413,70,3,1),(1414,70,4,1),(1415,70,5,1),(1416,70,6,1),(1417,70,7,1),(1418,70,8,1),(1419,70,9,0),(1420,70,10,0),(1421,70,11,0),(1422,70,12,0),(1423,70,13,0),(1424,70,14,0),(1425,70,15,0),(1426,70,16,0),(1427,70,17,0),(1428,70,18,0),(1429,70,19,0),(1430,70,20,0),(1431,70,21,0),(1432,70,22,0),(1433,70,23,0),(1434,70,24,0),(1435,70,25,0),(1436,70,26,0),(1437,70,27,0),(1438,70,28,0),(1439,70,29,0),(1440,70,30,0),(1441,71,1,1),(1442,71,2,1),(1443,71,3,1),(1444,71,4,1),(1445,71,5,1),(1446,71,6,1),(1447,71,7,1),(1448,71,8,1),(1449,71,9,0),(1450,71,10,0),(1451,71,11,0),(1452,71,12,0),(1453,71,13,0),(1454,71,14,0),(1455,71,15,0),(1456,71,16,0),(1457,71,17,0),(1458,71,18,0),(1459,71,19,0),(1460,71,20,0),(1461,71,21,0),(1462,71,22,0),(1463,71,23,0),(1464,71,24,0),(1465,71,25,0),(1466,71,26,0),(1467,71,27,0),(1468,71,28,0),(1469,71,29,0),(1470,71,30,0),(1471,72,1,1),(1472,72,2,1),(1473,72,3,1),(1474,72,4,1),(1475,72,5,1),(1476,72,6,1),(1477,72,7,1),(1478,72,8,1),(1479,72,9,0),(1480,72,10,0),(1481,72,11,0),(1482,72,12,0),(1483,72,13,0),(1484,72,14,0),(1485,72,15,0),(1486,72,16,0),(1487,72,17,0),(1488,72,18,0),(1489,72,19,0),(1490,72,20,0),(1491,72,21,0),(1492,72,22,0),(1493,72,23,0),(1494,72,24,0),(1495,72,25,0),(1496,72,26,0),(1497,72,27,0),(1498,72,28,0),(1499,72,29,0),(1500,72,30,0),(1501,73,1,1),(1502,73,2,1),(1503,73,3,1),(1504,73,4,1),(1505,73,5,1),(1506,73,6,1),(1507,73,7,1),(1508,73,8,1),(1509,73,9,0),(1510,73,10,0),(1511,73,11,0),(1512,73,12,0),(1513,73,13,0),(1514,73,14,0),(1515,73,15,0),(1516,73,16,0),(1517,73,17,0),(1518,73,18,0),(1519,73,19,0),(1520,73,20,0),(1521,73,21,0),(1522,73,22,0),(1523,73,23,0),(1524,73,24,0),(1525,73,25,0),(1526,73,26,0),(1527,73,27,0),(1528,73,28,0),(1529,73,29,0),(1530,73,30,0),(1531,74,1,1),(1532,74,2,1),(1533,74,3,1),(1534,74,4,1),(1535,74,5,0),(1536,74,6,0),(1537,74,7,0),(1538,74,8,0),(1539,74,9,0),(1540,74,10,0),(1541,74,11,0),(1542,74,12,0),(1543,74,13,0),(1544,74,14,0),(1545,74,15,0),(1546,75,1,1),(1547,75,2,1),(1548,75,3,1),(1549,75,4,1),(1550,75,5,0),(1551,75,6,0),(1552,75,7,0),(1553,75,8,0),(1554,75,9,0),(1555,75,10,0),(1556,75,11,0),(1557,75,12,0),(1558,75,13,0),(1559,75,14,0),(1560,75,15,0),(1561,76,1,1),(1562,76,2,1),(1563,76,3,1),(1564,76,4,1),(1565,76,5,0),(1566,76,6,0),(1567,76,7,0),(1568,76,8,0),(1569,76,9,0),(1570,76,10,0),(1571,76,11,0),(1572,76,12,0),(1573,76,13,0),(1574,76,14,0),(1575,76,15,0),(1576,77,1,1),(1577,77,2,1),(1578,77,3,1),(1579,77,4,1),(1580,77,5,0),(1581,77,6,0),(1582,77,7,0),(1583,77,8,0),(1584,77,9,0),(1585,77,10,0),(1586,77,11,0),(1587,77,12,0),(1588,77,13,0),(1589,77,14,0),(1590,77,15,0),(1591,78,1,1),(1592,78,2,1),(1593,78,3,1),(1594,78,4,1),(1595,78,5,0),(1596,78,6,0),(1597,78,7,0),(1598,78,8,0),(1599,78,9,0),(1600,78,10,0),(1601,78,11,0),(1602,78,12,0),(1603,78,13,0),(1604,78,14,0),(1605,78,15,0),(1606,79,1,1),(1607,79,2,1),(1608,79,3,1),(1609,79,4,1),(1610,79,5,0),(1611,79,6,0),(1612,79,7,0),(1613,79,8,0),(1614,79,9,0),(1615,79,10,0),(1616,79,11,0),(1617,79,12,0),(1618,79,13,0),(1619,79,14,0),(1620,79,15,0),(1621,80,1,1),(1622,80,2,1),(1623,80,3,1),(1624,80,4,1),(1625,80,5,0),(1626,80,6,0),(1627,80,7,0),(1628,80,8,0),(1629,80,9,0),(1630,80,10,0),(1631,80,11,0),(1632,80,12,0),(1633,80,13,0),(1634,80,14,0),(1635,80,15,0),(1636,81,1,1),(1637,81,2,1),(1638,81,3,1),(1639,81,4,1),(1640,81,5,0),(1641,81,6,0),(1642,81,7,0),(1643,81,8,0),(1644,81,9,0),(1645,81,10,0),(1646,81,11,0),(1647,81,12,0),(1648,81,13,0),(1649,81,14,0),(1650,81,15,0),(1651,82,1,1),(1652,82,2,1),(1653,82,3,1),(1654,82,4,1),(1655,82,5,0),(1656,82,6,0),(1657,82,7,0),(1658,82,8,0),(1659,82,9,0),(1660,82,10,0),(1661,82,11,0),(1662,82,12,0),(1663,82,13,0),(1664,82,14,0),(1665,82,15,0),(1666,83,1,1),(1667,83,2,1),(1668,83,3,1),(1669,83,4,1),(1670,83,5,0),(1671,83,6,0),(1672,83,7,0),(1673,83,8,0),(1674,83,9,0),(1675,83,10,0),(1676,83,11,0),(1677,83,12,0),(1678,83,13,0),(1679,83,14,0),(1680,83,15,0),(1681,84,1,1),(1682,84,2,1),(1683,84,3,1),(1684,84,4,1),(1685,84,5,0),(1686,84,6,0),(1687,84,7,0),(1688,84,8,0),(1689,84,9,0),(1690,84,10,0),(1691,84,11,0),(1692,84,12,0),(1693,84,13,0),(1694,84,14,0),(1695,84,15,0),(1696,85,1,1),(1697,85,2,1),(1698,85,3,1),(1699,85,4,1),(1700,85,5,0),(1701,85,6,0),(1702,85,7,0),(1703,85,8,0),(1704,85,9,0),(1705,85,10,0),(1706,85,11,0),(1707,85,12,0),(1708,85,13,0),(1709,85,14,0),(1710,85,15,0),(1711,86,1,1),(1712,86,2,1),(1713,86,3,1),(1714,86,4,1),(1715,86,5,0),(1716,86,6,0),(1717,86,7,0),(1718,86,8,0),(1719,86,9,0),(1720,86,10,0),(1721,86,11,0),(1722,86,12,0),(1723,86,13,0),(1724,86,14,0),(1725,86,15,0),(1726,87,1,1),(1727,87,2,1),(1728,87,3,1),(1729,87,4,1),(1730,87,5,0),(1731,87,6,0),(1732,87,7,0),(1733,87,8,0),(1734,87,9,0),(1735,87,10,0),(1736,87,11,0),(1737,87,12,0),(1738,87,13,0),(1739,87,14,0),(1740,87,15,0),(1741,88,1,1),(1742,88,2,1),(1743,88,3,1),(1744,88,4,1),(1745,88,5,0),(1746,88,6,0),(1747,88,7,0),(1748,88,8,0),(1749,88,9,0),(1750,88,10,0),(1751,88,11,0),(1752,88,12,0),(1753,88,13,0),(1754,88,14,0),(1755,88,15,0),(1756,89,1,1),(1757,89,2,1),(1758,89,3,1),(1759,89,4,1),(1760,89,5,0),(1761,89,6,0),(1762,89,7,0),(1763,89,8,0),(1764,89,9,0),(1765,89,10,0),(1766,89,11,0),(1767,89,12,0),(1768,89,13,0),(1769,89,14,0),(1770,89,15,0),(1771,90,1,1),(1772,90,2,1),(1773,90,3,1),(1774,90,4,1),(1775,90,5,0),(1776,90,6,0),(1777,90,7,0),(1778,90,8,0),(1779,90,9,0),(1780,90,10,0),(1781,90,11,0),(1782,90,12,0),(1783,90,13,0),(1784,90,14,0),(1785,90,15,0),(1786,91,1,1),(1787,91,2,1),(1788,91,3,1),(1789,91,4,1),(1790,91,5,0),(1791,91,6,0),(1792,91,7,0),(1793,91,8,0),(1794,91,9,0),(1795,91,10,0),(1796,91,11,0),(1797,91,12,0),(1798,91,13,0),(1799,91,14,0),(1800,91,15,0),(1801,92,1,1),(1802,92,2,1),(1803,92,3,1),(1804,92,4,1),(1805,92,5,0),(1806,92,6,0),(1807,92,7,0),(1808,92,8,0),(1809,92,9,0),(1810,92,10,0),(1811,92,11,0),(1812,92,12,0),(1813,92,13,0),(1814,92,14,0),(1815,92,15,0),(1816,93,1,1),(1817,93,2,1),(1818,93,3,1),(1819,93,4,1),(1820,93,5,0),(1821,93,6,0),(1822,93,7,0),(1823,93,8,0),(1824,93,9,0),(1825,93,10,0),(1826,93,11,0),(1827,93,12,0),(1828,93,13,0),(1829,93,14,0),(1830,93,15,0),(1831,94,1,3),(1832,94,2,1),(1833,94,3,0),(1834,94,4,0),(1835,94,5,0),(1836,94,6,3),(1837,94,7,0),(1838,94,8,0),(1839,94,9,0),(1840,94,10,0),(1841,94,11,0),(1842,94,12,0),(1843,94,13,0),(1844,94,14,0),(1845,94,15,0),(1846,94,16,0),(1847,94,17,0),(1848,94,18,0),(1849,94,19,0),(1850,94,20,0),(1851,94,21,0),(1852,94,22,0),(1853,94,23,0),(1854,94,24,0),(1855,94,25,0),(1856,94,26,0),(1857,94,27,0),(1858,94,28,0),(1859,94,29,0),(1860,94,30,0),(1861,95,1,3),(1862,95,2,0),(1863,95,3,0),(1864,95,4,0),(1865,95,5,0),(1866,95,6,3),(1867,95,7,0),(1868,95,8,0),(1869,95,9,0),(1870,95,10,0),(1871,95,11,0),(1872,95,12,0),(1873,95,13,0),(1874,95,14,0),(1875,95,15,0),(1876,95,16,0),(1877,95,17,0),(1878,95,18,0),(1879,95,19,0),(1880,95,20,0),(1881,95,21,0),(1882,95,22,0),(1883,95,23,0),(1884,95,24,0),(1885,95,25,0),(1886,95,26,0),(1887,95,27,0),(1888,95,28,0),(1889,95,29,0),(1890,95,30,0),(1891,96,1,3),(1892,96,2,0),(1893,96,3,0),(1894,96,4,0),(1895,96,5,0),(1896,96,6,3),(1897,96,7,0),(1898,96,8,0),(1899,96,9,0),(1900,96,10,0),(1901,96,11,0),(1902,96,12,0),(1903,96,13,0),(1904,96,14,0),(1905,96,15,0),(1906,96,16,0),(1907,96,17,0),(1908,96,18,0),(1909,96,19,0),(1910,96,20,0),(1911,96,21,0),(1912,96,22,0),(1913,96,23,0),(1914,96,24,0),(1915,96,25,0),(1916,96,26,0),(1917,96,27,0),(1918,96,28,0),(1919,96,29,0),(1920,96,30,0),(1921,97,1,3),(1922,97,2,0),(1923,97,3,0),(1924,97,4,0),(1925,97,5,0),(1926,97,6,3),(1927,97,7,0),(1928,97,8,0),(1929,97,9,0),(1930,97,10,0),(1931,97,11,0),(1932,97,12,0),(1933,97,13,0),(1934,97,14,0),(1935,97,15,0),(1936,97,16,0),(1937,97,17,0),(1938,97,18,0),(1939,97,19,0),(1940,97,20,0),(1941,97,21,0),(1942,97,22,0),(1943,97,23,0),(1944,97,24,0),(1945,97,25,0),(1946,97,26,0),(1947,97,27,0),(1948,97,28,0),(1949,97,29,0),(1950,97,30,0),(1951,98,1,3),(1952,98,2,0),(1953,98,3,0),(1954,98,4,0),(1955,98,5,0),(1956,98,6,3),(1957,98,7,0),(1958,98,8,0),(1959,98,9,0),(1960,98,10,0),(1961,98,11,0),(1962,98,12,0),(1963,98,13,0),(1964,98,14,0),(1965,98,15,0),(1966,98,16,0),(1967,98,17,0),(1968,98,18,0),(1969,98,19,0),(1970,98,20,0),(1971,98,21,0),(1972,98,22,0),(1973,98,23,0),(1974,98,24,0),(1975,98,25,0),(1976,98,26,0),(1977,98,27,0),(1978,98,28,0),(1979,98,29,0),(1980,98,30,0),(1981,99,1,3),(1982,99,2,0),(1983,99,3,0),(1984,99,4,0),(1985,99,5,0),(1986,99,6,3),(1987,99,7,0),(1988,99,8,0),(1989,99,9,0),(1990,99,10,0),(1991,99,11,0),(1992,99,12,0),(1993,99,13,0),(1994,99,14,0),(1995,99,15,0),(1996,99,16,0),(1997,99,17,0),(1998,99,18,0),(1999,99,19,0),(2000,99,20,0),(2001,99,21,0),(2002,99,22,0),(2003,99,23,0),(2004,99,24,0),(2005,99,25,0),(2006,99,26,0),(2007,99,27,0),(2008,99,28,0),(2009,99,29,0),(2010,99,30,0),(2011,100,1,3),(2012,100,2,0),(2013,100,3,0),(2014,100,4,0),(2015,100,5,0),(2016,100,6,3),(2017,100,7,0),(2018,100,8,0),(2019,100,9,0),(2020,100,10,0),(2021,100,11,0),(2022,100,12,0),(2023,100,13,0),(2024,100,14,0),(2025,100,15,0),(2026,100,16,0),(2027,100,17,0),(2028,100,18,0),(2029,100,19,0),(2030,100,20,0),(2031,100,21,0),(2032,100,22,0),(2033,100,23,0),(2034,100,24,0),(2035,100,25,0),(2036,100,26,0),(2037,100,27,0),(2038,100,28,0),(2039,100,29,0),(2040,100,30,0),(2041,101,1,3),(2042,101,2,0),(2043,101,3,0),(2044,101,4,0),(2045,101,5,0),(2046,101,6,3),(2047,101,7,0),(2048,101,8,0),(2049,101,9,0),(2050,101,10,0),(2051,101,11,0),(2052,101,12,0),(2053,101,13,0),(2054,101,14,0),(2055,101,15,0),(2056,101,16,0),(2057,101,17,0),(2058,101,18,0),(2059,101,19,0),(2060,101,20,0),(2061,101,21,0),(2062,101,22,0),(2063,101,23,0),(2064,101,24,0),(2065,101,25,0),(2066,101,26,0),(2067,101,27,0),(2068,101,28,0),(2069,101,29,0),(2070,101,30,0),(2071,102,1,3),(2072,102,2,0),(2073,102,3,0),(2074,102,4,0),(2075,102,5,0),(2076,102,6,3),(2077,102,7,0),(2078,102,8,0),(2079,102,9,0),(2080,102,10,0),(2081,102,11,0),(2082,102,12,0),(2083,102,13,0),(2084,102,14,0),(2085,102,15,0),(2086,102,16,0),(2087,102,17,0),(2088,102,18,0),(2089,102,19,0),(2090,102,20,0),(2091,102,21,0),(2092,102,22,0),(2093,102,23,0),(2094,102,24,0),(2095,102,25,0),(2096,102,26,0),(2097,102,27,0),(2098,102,28,0),(2099,102,29,0),(2100,102,30,0),(2101,103,1,3),(2102,103,2,0),(2103,103,3,0),(2104,103,4,0),(2105,103,5,0),(2106,103,6,3),(2107,103,7,0),(2108,103,8,0),(2109,103,9,0),(2110,103,10,0),(2111,103,11,0),(2112,103,12,0),(2113,103,13,0),(2114,103,14,0),(2115,103,15,0),(2116,103,16,0),(2117,103,17,0),(2118,103,18,0),(2119,103,19,0),(2120,103,20,0),(2121,103,21,0),(2122,103,22,0),(2123,103,23,0),(2124,103,24,0),(2125,103,25,0),(2126,103,26,0),(2127,103,27,0),(2128,103,28,0),(2129,103,29,0),(2130,103,30,0),(2131,104,1,3),(2132,104,2,0),(2133,104,3,0),(2134,104,4,0),(2135,104,5,0),(2136,104,6,3),(2137,104,7,0),(2138,104,8,0),(2139,104,9,0),(2140,104,10,0),(2141,104,11,0),(2142,104,12,0),(2143,104,13,0),(2144,104,14,0),(2145,104,15,0),(2146,104,16,0),(2147,104,17,0),(2148,104,18,0),(2149,104,19,0),(2150,104,20,0),(2151,104,21,0),(2152,104,22,0),(2153,104,23,0),(2154,104,24,0),(2155,104,25,0),(2156,104,26,0),(2157,104,27,0),(2158,104,28,0),(2159,104,29,0),(2160,104,30,0),(2161,105,1,3),(2162,105,2,0),(2163,105,3,0),(2164,105,4,0),(2165,105,5,0),(2166,105,6,3),(2167,105,7,0),(2168,105,8,0),(2169,105,9,0),(2170,105,10,0),(2171,105,11,0),(2172,105,12,0),(2173,105,13,0),(2174,105,14,0),(2175,105,15,0),(2176,105,16,0),(2177,105,17,0),(2178,105,18,0),(2179,105,19,0),(2180,105,20,0),(2181,105,21,0),(2182,105,22,0),(2183,105,23,0),(2184,105,24,0),(2185,105,25,0),(2186,105,26,0),(2187,105,27,0),(2188,105,28,0),(2189,105,29,0),(2190,105,30,0),(2191,106,1,3),(2192,106,2,0),(2193,106,3,0),(2194,106,4,0),(2195,106,5,0),(2196,106,6,3),(2197,106,7,0),(2198,106,8,0),(2199,106,9,0),(2200,106,10,0),(2201,106,11,0),(2202,106,12,0),(2203,106,13,0),(2204,106,14,0),(2205,106,15,0),(2206,106,16,0),(2207,106,17,0),(2208,106,18,0),(2209,106,19,0),(2210,106,20,0),(2211,106,21,0),(2212,106,22,0),(2213,106,23,0),(2214,106,24,0),(2215,106,25,0),(2216,106,26,0),(2217,106,27,0),(2218,106,28,0),(2219,106,29,0),(2220,106,30,0),(2221,107,1,3),(2222,107,2,0),(2223,107,3,0),(2224,107,4,0),(2225,107,5,0),(2226,107,6,3),(2227,107,7,0),(2228,107,8,0),(2229,107,9,0),(2230,107,10,0),(2231,107,11,0),(2232,107,12,0),(2233,107,13,0),(2234,107,14,0),(2235,107,15,0),(2236,107,16,0),(2237,107,17,0),(2238,107,18,0),(2239,107,19,0),(2240,107,20,0),(2241,107,21,0),(2242,107,22,0),(2243,107,23,0),(2244,107,24,0),(2245,107,25,0),(2246,107,26,0),(2247,107,27,0),(2248,107,28,0),(2249,107,29,0),(2250,107,30,0),(2251,108,1,3),(2252,108,2,0),(2253,108,3,0),(2254,108,4,0),(2255,108,5,0),(2256,108,6,3),(2257,108,7,0),(2258,108,8,0),(2259,108,9,0),(2260,108,10,0),(2261,108,11,0),(2262,108,12,0),(2263,108,13,0),(2264,108,14,0),(2265,108,15,0),(2266,108,16,0),(2267,108,17,0),(2268,108,18,0),(2269,108,19,0),(2270,108,20,0),(2271,108,21,0),(2272,108,22,0),(2273,108,23,0),(2274,108,24,0),(2275,108,25,0),(2276,108,26,0),(2277,108,27,0),(2278,108,28,0),(2279,108,29,0),(2280,108,30,0),(2281,109,1,3),(2282,109,2,0),(2283,109,3,0),(2284,109,4,0),(2285,109,5,0),(2286,109,6,3),(2287,109,7,0),(2288,109,8,0),(2289,109,9,0),(2290,109,10,0),(2291,109,11,0),(2292,109,12,0),(2293,109,13,0),(2294,109,14,0),(2295,109,15,0),(2296,109,16,0),(2297,109,17,0),(2298,109,18,0),(2299,109,19,0),(2300,109,20,0),(2301,109,21,0),(2302,109,22,0),(2303,109,23,0),(2304,109,24,0),(2305,109,25,0),(2306,109,26,0),(2307,109,27,0),(2308,109,28,0),(2309,109,29,0),(2310,109,30,0),(2311,110,1,3),(2312,110,2,0),(2313,110,3,0),(2314,110,4,0),(2315,110,5,0),(2316,110,6,3),(2317,110,7,0),(2318,110,8,0),(2319,110,9,0),(2320,110,10,0),(2321,110,11,0),(2322,110,12,0),(2323,110,13,0),(2324,110,14,0),(2325,110,15,0),(2326,110,16,0),(2327,110,17,0),(2328,110,18,0),(2329,110,19,0),(2330,110,20,0),(2331,110,21,0),(2332,110,22,0),(2333,110,23,0),(2334,110,24,0),(2335,110,25,0),(2336,110,26,0),(2337,110,27,0),(2338,110,28,0),(2339,110,29,0),(2340,110,30,0),(2341,111,1,3),(2342,111,2,0),(2343,111,3,0),(2344,111,4,0),(2345,111,5,0),(2346,111,6,3),(2347,111,7,0),(2348,111,8,0),(2349,111,9,0),(2350,111,10,0),(2351,111,11,0),(2352,111,12,0),(2353,111,13,0),(2354,111,14,0),(2355,111,15,0),(2356,111,16,0),(2357,111,17,0),(2358,111,18,0),(2359,111,19,0),(2360,111,20,0),(2361,111,21,0),(2362,111,22,0),(2363,111,23,0),(2364,111,24,0),(2365,111,25,0),(2366,111,26,0),(2367,111,27,0),(2368,111,28,0),(2369,111,29,0),(2370,111,30,0),(2371,112,1,3),(2372,112,2,0),(2373,112,3,0),(2374,112,4,0),(2375,112,5,0),(2376,112,6,3),(2377,112,7,0),(2378,112,8,0),(2379,112,9,0),(2380,112,10,0),(2381,112,11,0),(2382,112,12,0),(2383,112,13,0),(2384,112,14,0),(2385,112,15,0),(2386,112,16,0),(2387,112,17,0),(2388,112,18,0),(2389,112,19,0),(2390,112,20,0),(2391,112,21,0),(2392,112,22,0),(2393,112,23,0),(2394,112,24,0),(2395,112,25,0),(2396,112,26,0),(2397,112,27,0),(2398,112,28,0),(2399,112,29,0),(2400,112,30,0),(2401,113,1,3),(2402,113,2,0),(2403,113,3,0),(2404,113,4,0),(2405,113,5,0),(2406,113,6,3),(2407,113,7,0),(2408,113,8,0),(2409,113,9,0),(2410,113,10,0),(2411,113,11,0),(2412,113,12,0),(2413,113,13,0),(2414,113,14,0),(2415,113,15,0),(2416,113,16,0),(2417,113,17,0),(2418,113,18,0),(2419,113,19,0),(2420,113,20,0),(2421,113,21,0),(2422,113,22,0),(2423,113,23,0),(2424,113,24,0),(2425,113,25,0),(2426,113,26,0),(2427,113,27,0),(2428,113,28,0),(2429,113,29,0),(2430,113,30,0),(2431,114,1,3),(2432,114,2,0),(2433,114,3,0),(2434,114,4,0),(2435,114,5,0),(2436,114,6,3),(2437,114,7,0),(2438,114,8,0),(2439,114,9,0),(2440,114,10,0),(2441,114,11,0),(2442,114,12,0),(2443,114,13,0),(2444,114,14,0),(2445,114,15,0),(2446,114,16,0),(2447,114,17,0),(2448,114,18,0),(2449,114,19,0),(2450,114,20,0),(2451,114,21,0),(2452,114,22,0),(2453,114,23,0),(2454,114,24,0),(2455,114,25,0),(2456,114,26,0),(2457,114,27,0),(2458,114,28,0),(2459,114,29,0),(2460,114,30,0),(2461,115,1,3),(2462,115,2,0),(2463,115,3,0),(2464,115,4,0),(2465,115,5,0),(2466,115,6,3),(2467,115,7,0),(2468,115,8,0),(2469,115,9,0),(2470,115,10,0),(2471,115,11,0),(2472,115,12,0),(2473,115,13,0),(2474,115,14,0),(2475,115,15,0),(2476,115,16,0),(2477,115,17,0),(2478,115,18,0),(2479,115,19,0),(2480,115,20,0),(2481,115,21,0),(2482,115,22,0),(2483,115,23,0),(2484,115,24,0),(2485,115,25,0),(2486,115,26,0),(2487,115,27,0),(2488,115,28,0),(2489,115,29,0),(2490,115,30,0),(2491,116,1,3),(2492,116,2,0),(2493,116,3,0),(2494,116,4,0),(2495,116,5,0),(2496,116,6,3),(2497,116,7,0),(2498,116,8,0),(2499,116,9,0),(2500,116,10,0),(2501,116,11,0),(2502,116,12,0),(2503,116,13,0),(2504,116,14,0),(2505,116,15,0),(2506,116,16,0),(2507,116,17,0),(2508,116,18,0),(2509,116,19,0),(2510,116,20,0),(2511,116,21,0),(2512,116,22,0),(2513,116,23,0),(2514,116,24,0),(2515,116,25,0),(2516,116,26,0),(2517,116,27,0),(2518,116,28,0),(2519,116,29,0),(2520,116,30,0),(2521,117,1,3),(2522,117,2,0),(2523,117,3,0),(2524,117,4,0),(2525,117,5,0),(2526,117,6,3),(2527,117,7,0),(2528,117,8,0),(2529,117,9,0),(2530,117,10,0),(2531,117,11,0),(2532,117,12,0),(2533,117,13,0),(2534,117,14,0),(2535,117,15,0),(2536,117,16,0),(2537,117,17,0),(2538,117,18,0),(2539,117,19,0),(2540,117,20,0),(2541,117,21,0),(2542,117,22,0),(2543,117,23,0),(2544,117,24,0),(2545,117,25,0),(2546,117,26,0),(2547,117,27,0),(2548,117,28,0),(2549,117,29,0),(2550,117,30,0),(2551,118,1,3),(2552,118,2,0),(2553,118,3,0),(2554,118,4,0),(2555,118,5,0),(2556,118,6,3),(2557,118,7,0),(2558,118,8,0),(2559,118,9,0),(2560,118,10,0),(2561,118,11,0),(2562,118,12,0),(2563,118,13,0),(2564,118,14,0),(2565,118,15,0),(2566,118,16,0),(2567,118,17,0),(2568,118,18,0),(2569,118,19,0),(2570,118,20,0),(2571,118,21,0),(2572,118,22,0),(2573,118,23,0),(2574,118,24,0),(2575,118,25,0),(2576,118,26,0),(2577,118,27,0),(2578,118,28,0),(2579,118,29,0),(2580,118,30,0),(2581,119,1,3),(2582,119,2,0),(2583,119,3,0),(2584,119,4,0),(2585,119,5,0),(2586,119,6,3),(2587,119,7,0),(2588,119,8,0),(2589,119,9,0),(2590,119,10,0),(2591,119,11,0),(2592,119,12,0),(2593,119,13,0),(2594,119,14,0),(2595,119,15,0),(2596,119,16,0),(2597,119,17,0),(2598,119,18,0),(2599,119,19,0),(2600,119,20,0),(2601,119,21,0),(2602,119,22,0),(2603,119,23,0),(2604,119,24,0),(2605,119,25,0),(2606,119,26,0),(2607,119,27,0),(2608,119,28,0),(2609,119,29,0),(2610,119,30,0),(2611,120,1,3),(2612,120,2,0),(2613,120,3,0),(2614,120,4,0),(2615,120,5,0),(2616,120,6,3),(2617,120,7,0),(2618,120,8,0),(2619,120,9,0),(2620,120,10,0),(2621,120,11,0),(2622,120,12,0),(2623,120,13,0),(2624,120,14,0),(2625,120,15,0),(2626,120,16,0),(2627,120,17,0),(2628,120,18,0),(2629,120,19,0),(2630,120,20,0),(2631,120,21,0),(2632,120,22,0),(2633,120,23,0),(2634,120,24,0),(2635,120,25,0),(2636,120,26,0),(2637,120,27,0),(2638,120,28,0),(2639,120,29,0),(2640,120,30,0),(2641,121,1,3),(2642,121,2,0),(2643,121,3,0),(2644,121,4,0),(2645,121,5,0),(2646,121,6,3),(2647,121,7,0),(2648,121,8,0),(2649,121,9,0),(2650,121,10,0),(2651,121,11,0),(2652,121,12,0),(2653,121,13,0),(2654,121,14,0),(2655,121,15,0),(2656,121,16,0),(2657,121,17,0),(2658,121,18,0),(2659,121,19,0),(2660,121,20,0),(2661,121,21,0),(2662,121,22,0),(2663,121,23,0),(2664,121,24,0),(2665,121,25,0),(2666,121,26,0),(2667,121,27,0),(2668,121,28,0),(2669,121,29,0),(2670,121,30,0),(2671,122,1,3),(2672,122,2,0),(2673,122,3,0),(2674,122,4,0),(2675,122,5,0),(2676,122,6,3),(2677,122,7,0),(2678,122,8,0),(2679,122,9,0),(2680,122,10,0),(2681,122,11,0),(2682,122,12,0),(2683,122,13,0),(2684,122,14,0),(2685,122,15,0),(2686,122,16,0),(2687,122,17,0),(2688,122,18,0),(2689,122,19,0),(2690,122,20,0),(2691,122,21,0),(2692,122,22,0),(2693,122,23,0),(2694,122,24,0),(2695,122,25,0),(2696,122,26,0),(2697,122,27,0),(2698,122,28,0),(2699,122,29,0),(2700,122,30,0),(2701,123,1,3),(2702,123,2,0),(2703,123,3,0),(2704,123,4,0),(2705,123,5,0),(2706,123,6,3),(2707,123,7,0),(2708,123,8,0),(2709,123,9,0),(2710,123,10,0),(2711,123,11,0),(2712,123,12,0),(2713,123,13,0),(2714,123,14,0),(2715,123,15,0),(2716,123,16,0),(2717,123,17,0),(2718,123,18,0),(2719,123,19,0),(2720,123,20,0),(2721,123,21,0),(2722,123,22,0),(2723,123,23,0),(2724,123,24,0),(2725,123,25,0),(2726,123,26,0),(2727,123,27,0),(2728,123,28,0),(2729,123,29,0),(2730,123,30,0),(2731,124,1,0),(2732,124,2,0),(2733,124,3,0),(2734,124,4,0),(2735,124,5,0),(2736,124,6,0),(2737,124,7,0),(2738,124,8,0),(2739,124,9,0),(2740,124,10,0),(2741,124,11,0),(2742,124,12,0),(2743,124,13,0),(2744,124,14,0),(2745,124,15,0),(2746,125,1,0),(2747,125,2,0),(2748,125,3,0),(2749,125,4,0),(2750,125,5,0),(2751,125,6,0),(2752,125,7,0),(2753,125,8,0),(2754,125,9,0),(2755,125,10,0),(2756,125,11,0),(2757,125,12,0),(2758,125,13,0),(2759,125,14,0),(2760,125,15,0),(2761,126,1,0),(2762,126,2,0),(2763,126,3,0),(2764,126,4,0),(2765,126,5,0),(2766,126,6,0),(2767,126,7,0),(2768,126,8,0),(2769,126,9,0),(2770,126,10,0),(2771,126,11,0),(2772,126,12,0),(2773,126,13,0),(2774,126,14,0),(2775,126,15,0),(2776,127,1,0),(2777,127,2,0),(2778,127,3,0),(2779,127,4,0),(2780,127,5,0),(2781,127,6,0),(2782,127,7,0),(2783,127,8,0),(2784,127,9,0),(2785,127,10,0),(2786,127,11,0),(2787,127,12,0),(2788,127,13,0),(2789,127,14,0),(2790,127,15,0),(2791,128,1,0),(2792,128,2,0),(2793,128,3,0),(2794,128,4,0),(2795,128,5,0),(2796,128,6,0),(2797,128,7,0),(2798,128,8,0),(2799,128,9,0),(2800,128,10,0),(2801,128,11,0),(2802,128,12,0),(2803,128,13,0),(2804,128,14,0),(2805,128,15,0),(2806,129,1,0),(2807,129,2,0),(2808,129,3,0),(2809,129,4,0),(2810,129,5,0),(2811,129,6,0),(2812,129,7,0),(2813,129,8,0),(2814,129,9,0),(2815,129,10,0),(2816,129,11,0),(2817,129,12,0),(2818,129,13,0),(2819,129,14,0),(2820,129,15,0),(2821,130,1,0),(2822,130,2,0),(2823,130,3,0),(2824,130,4,0),(2825,130,5,0),(2826,130,6,0),(2827,130,7,0),(2828,130,8,0),(2829,130,9,0),(2830,130,10,0),(2831,130,11,0),(2832,130,12,0),(2833,130,13,0),(2834,130,14,0),(2835,130,15,0),(2836,131,1,0),(2837,131,2,0),(2838,131,3,0),(2839,131,4,0),(2840,131,5,0),(2841,131,6,0),(2842,131,7,0),(2843,131,8,0),(2844,131,9,0),(2845,131,10,0),(2846,131,11,0),(2847,131,12,0),(2848,131,13,0),(2849,131,14,0),(2850,131,15,0),(2851,132,1,0),(2852,132,2,0),(2853,132,3,0),(2854,132,4,0),(2855,132,5,0),(2856,132,6,0),(2857,132,7,0),(2858,132,8,0),(2859,132,9,0),(2860,132,10,0),(2861,132,11,0),(2862,132,12,0),(2863,132,13,0),(2864,132,14,0),(2865,132,15,0),(2866,133,1,0),(2867,133,2,0),(2868,133,3,0),(2869,133,4,0),(2870,133,5,0),(2871,133,6,0),(2872,133,7,0),(2873,133,8,0),(2874,133,9,0),(2875,133,10,0),(2876,133,11,0),(2877,133,12,0),(2878,133,13,0),(2879,133,14,0),(2880,133,15,0),(2881,134,1,0),(2882,134,2,0),(2883,134,3,0),(2884,134,4,0),(2885,134,5,0),(2886,134,6,0),(2887,134,7,0),(2888,134,8,0),(2889,134,9,0),(2890,134,10,0),(2891,134,11,0),(2892,134,12,0),(2893,134,13,0),(2894,134,14,0),(2895,134,15,0),(2896,135,1,0),(2897,135,2,0),(2898,135,3,0),(2899,135,4,0),(2900,135,5,0),(2901,135,6,0),(2902,135,7,0),(2903,135,8,0),(2904,135,9,0),(2905,135,10,0),(2906,135,11,0),(2907,135,12,0),(2908,135,13,0),(2909,135,14,0),(2910,135,15,0),(2911,136,1,0),(2912,136,2,0),(2913,136,3,0),(2914,136,4,0),(2915,136,5,0),(2916,136,6,0),(2917,136,7,0),(2918,136,8,0),(2919,136,9,0),(2920,136,10,0),(2921,136,11,0),(2922,136,12,0),(2923,136,13,0),(2924,136,14,0),(2925,136,15,0),(2926,137,1,0),(2927,137,2,0),(2928,137,3,0),(2929,137,4,0),(2930,137,5,0),(2931,137,6,0),(2932,137,7,0),(2933,137,8,0),(2934,137,9,0),(2935,137,10,0),(2936,137,11,0),(2937,137,12,0),(2938,137,13,0),(2939,137,14,0),(2940,137,15,0),(2941,138,1,0),(2942,138,2,0),(2943,138,3,0),(2944,138,4,0),(2945,138,5,0),(2946,138,6,0),(2947,138,7,0),(2948,138,8,0),(2949,138,9,0),(2950,138,10,0),(2951,138,11,0),(2952,138,12,0),(2953,138,13,0),(2954,138,14,0),(2955,138,15,0),(2956,139,1,0),(2957,139,2,0),(2958,139,3,0),(2959,139,4,0),(2960,139,5,0),(2961,139,6,0),(2962,139,7,0),(2963,139,8,0),(2964,139,9,0),(2965,139,10,0),(2966,139,11,0),(2967,139,12,0),(2968,139,13,0),(2969,139,14,0),(2970,139,15,0),(2971,140,1,0),(2972,140,2,0),(2973,140,3,0),(2974,140,4,0),(2975,140,5,0),(2976,140,6,0),(2977,140,7,0),(2978,140,8,0),(2979,140,9,0),(2980,140,10,0),(2981,140,11,0),(2982,140,12,0),(2983,140,13,0),(2984,140,14,0),(2985,140,15,0),(2986,141,1,0),(2987,141,2,0),(2988,141,3,0),(2989,141,4,0),(2990,141,5,0),(2991,141,6,0),(2992,141,7,0),(2993,141,8,0),(2994,141,9,0),(2995,141,10,0),(2996,141,11,0),(2997,141,12,0),(2998,141,13,0),(2999,141,14,0),(3000,141,15,0),(3001,142,1,0),(3002,142,2,0),(3003,142,3,0),(3004,142,4,0),(3005,142,5,0),(3006,142,6,0),(3007,142,7,0),(3008,142,8,0),(3009,142,9,0),(3010,142,10,0),(3011,142,11,0),(3012,142,12,0),(3013,142,13,0),(3014,142,14,0),(3015,142,15,0),(3016,143,1,0),(3017,143,2,0),(3018,143,3,0),(3019,143,4,0),(3020,143,5,0),(3021,143,6,0),(3022,143,7,0),(3023,143,8,0),(3024,143,9,0),(3025,143,10,0),(3026,143,11,0),(3027,143,12,0),(3028,143,13,0),(3029,143,14,0),(3030,143,15,0),(3031,144,1,0),(3032,144,2,0),(3033,144,3,0),(3034,144,4,0),(3035,144,5,0),(3036,144,6,0),(3037,144,7,0),(3038,144,8,0),(3039,144,9,0),(3040,144,10,0),(3041,144,11,0),(3042,144,12,0),(3043,144,13,0),(3044,144,14,0),(3045,144,15,0),(3046,145,1,0),(3047,145,2,0),(3048,145,3,0),(3049,145,4,0),(3050,145,5,0),(3051,145,6,0),(3052,145,7,0),(3053,145,8,0),(3054,145,9,0),(3055,145,10,0),(3056,145,11,0),(3057,145,12,0),(3058,145,13,0),(3059,145,14,0),(3060,145,15,0),(3061,146,1,0),(3062,146,2,0),(3063,146,3,0),(3064,146,4,0),(3065,146,5,0),(3066,146,6,0),(3067,146,7,0),(3068,146,8,0),(3069,146,9,0),(3070,146,10,0),(3071,146,11,0),(3072,146,12,0),(3073,146,13,0),(3074,146,14,0),(3075,146,15,0),(3076,147,1,0),(3077,147,2,0),(3078,147,3,0),(3079,147,4,0),(3080,147,5,0),(3081,147,6,0),(3082,147,7,0),(3083,147,8,0),(3084,147,9,0),(3085,147,10,0),(3086,147,11,0),(3087,147,12,0),(3088,147,13,0),(3089,147,14,0),(3090,147,15,0),(3091,148,1,0),(3092,148,2,0),(3093,148,3,0),(3094,148,4,0),(3095,148,5,0),(3096,148,6,0),(3097,148,7,0),(3098,148,8,0),(3099,148,9,0),(3100,148,10,0),(3101,148,11,0),(3102,148,12,0),(3103,148,13,0),(3104,148,14,0),(3105,148,15,0),(3106,149,1,0),(3107,149,2,0),(3108,149,3,0),(3109,149,4,0),(3110,149,5,0),(3111,149,6,0),(3112,149,7,0),(3113,149,8,0),(3114,149,9,0),(3115,149,10,0),(3116,149,11,0),(3117,149,12,0),(3118,149,13,0),(3119,149,14,0),(3120,149,15,0),(3121,150,1,0),(3122,150,2,0),(3123,150,3,0),(3124,150,4,0),(3125,150,5,0),(3126,150,6,0),(3127,150,7,0),(3128,150,8,0),(3129,150,9,0),(3130,150,10,0),(3131,150,11,0),(3132,150,12,0),(3133,150,13,0),(3134,150,14,0),(3135,150,15,0),(3136,151,1,0),(3137,151,2,0),(3138,151,3,0),(3139,151,4,0),(3140,151,5,0),(3141,151,6,0),(3142,151,7,0),(3143,151,8,0),(3144,151,9,0),(3145,151,10,0),(3146,151,11,0),(3147,151,12,0),(3148,151,13,0),(3149,151,14,0),(3150,151,15,0),(3151,152,1,0),(3152,152,2,0),(3153,152,3,0),(3154,152,4,0),(3155,152,5,0),(3156,152,6,0),(3157,152,7,0),(3158,152,8,0),(3159,152,9,0),(3160,152,10,0),(3161,152,11,0),(3162,152,12,0),(3163,152,13,0),(3164,152,14,0),(3165,152,15,0),(3166,153,1,0),(3167,153,2,0),(3168,153,3,0),(3169,153,4,0),(3170,153,5,0),(3171,153,6,0),(3172,153,7,0),(3173,153,8,0),(3174,153,9,0),(3175,153,10,0),(3176,153,11,0),(3177,153,12,0),(3178,153,13,0),(3179,153,14,0),(3180,153,15,0),(3181,154,1,0),(3182,154,2,0),(3183,154,3,0),(3184,154,4,0),(3185,154,5,0),(3186,154,6,0),(3187,154,7,0),(3188,154,8,0),(3189,154,9,0),(3190,154,10,0),(3191,154,11,0),(3192,154,12,0),(3193,154,13,0),(3194,154,14,0),(3195,154,15,0),(3196,155,1,0),(3197,155,2,0),(3198,155,3,0),(3199,155,4,0),(3200,155,5,0),(3201,155,6,0),(3202,155,7,0),(3203,155,8,0),(3204,155,9,0),(3205,155,10,0),(3206,155,11,0),(3207,155,12,0),(3208,155,13,0),(3209,155,14,0),(3210,155,15,0),(3211,156,1,0),(3212,156,2,0),(3213,156,3,0),(3214,156,4,0),(3215,156,5,0),(3216,156,6,0),(3217,156,7,0),(3218,156,8,0),(3219,156,9,0),(3220,156,10,0),(3221,156,11,0),(3222,156,12,0),(3223,156,13,0),(3224,156,14,0),(3225,156,15,0),(3226,157,1,0),(3227,157,2,0),(3228,157,3,0),(3229,157,4,0),(3230,157,5,0),(3231,157,6,0),(3232,157,7,0),(3233,157,8,0),(3234,157,9,0),(3235,157,10,0),(3236,157,11,0),(3237,157,12,0),(3238,157,13,0),(3239,157,14,0),(3240,157,15,0),(3241,158,1,0),(3242,158,2,0),(3243,158,3,0),(3244,158,4,0),(3245,158,5,0),(3246,158,6,0),(3247,158,7,0),(3248,158,8,0),(3249,158,9,0),(3250,158,10,0),(3251,158,11,0),(3252,158,12,0),(3253,158,13,0),(3254,158,14,0),(3255,158,15,0),(3256,159,1,0),(3257,159,2,0),(3258,159,3,0),(3259,159,4,0),(3260,159,5,0),(3261,159,6,0),(3262,159,7,0),(3263,159,8,0),(3264,159,9,0),(3265,159,10,0),(3266,159,11,0),(3267,159,12,0),(3268,159,13,0),(3269,159,14,0),(3270,159,15,0),(3271,160,1,0),(3272,160,2,0),(3273,160,3,0),(3274,160,4,0),(3275,160,5,0),(3276,160,6,0),(3277,160,7,0),(3278,160,8,0),(3279,160,9,0),(3280,160,10,0),(3281,160,11,0),(3282,160,12,0),(3283,160,13,0),(3284,160,14,0),(3285,160,15,0),(3286,161,1,0),(3287,161,2,0),(3288,161,3,0),(3289,161,4,0),(3290,161,5,0),(3291,161,6,0),(3292,161,7,0),(3293,161,8,0),(3294,161,9,0),(3295,161,10,0),(3296,161,11,0),(3297,161,12,0),(3298,161,13,0),(3299,161,14,0),(3300,161,15,0),(3301,162,1,0),(3302,162,2,0),(3303,162,3,0),(3304,162,4,0),(3305,162,5,0),(3306,162,6,0),(3307,162,7,0),(3308,162,8,0),(3309,162,9,0),(3310,162,10,0),(3311,162,11,0),(3312,162,12,0),(3313,162,13,0),(3314,162,14,0),(3315,162,15,0),(3316,163,1,0),(3317,163,2,0),(3318,163,3,0),(3319,163,4,0),(3320,163,5,0),(3321,163,6,0),(3322,163,7,0),(3323,163,8,0),(3324,163,9,0),(3325,163,10,0),(3326,163,11,0),(3327,163,12,0),(3328,163,13,0),(3329,163,14,0),(3330,163,15,0),(3331,164,1,0),(3332,164,2,0),(3333,164,3,0),(3334,164,4,0),(3335,164,5,0),(3336,164,6,0),(3337,164,7,0),(3338,164,8,0),(3339,164,9,0),(3340,164,10,0),(3341,164,11,0),(3342,164,12,0),(3343,164,13,0),(3344,164,14,0),(3345,164,15,0),(3346,165,1,0),(3347,165,2,0),(3348,165,3,0),(3349,165,4,0),(3350,165,5,0),(3351,165,6,0),(3352,165,7,0),(3353,165,8,0),(3354,165,9,0),(3355,165,10,0),(3356,165,11,0),(3357,165,12,0),(3358,165,13,0),(3359,165,14,0),(3360,165,15,0),(3361,166,1,0),(3362,166,2,0),(3363,166,3,0),(3364,166,4,0),(3365,166,5,0),(3366,166,6,0),(3367,166,7,0),(3368,166,8,0),(3369,166,9,0),(3370,166,10,0),(3371,166,11,0),(3372,166,12,0),(3373,166,13,0),(3374,166,14,0),(3375,166,15,0),(3376,167,1,0),(3377,167,2,0),(3378,167,3,0),(3379,167,4,0),(3380,167,5,0),(3381,167,6,0),(3382,167,7,0),(3383,167,8,0),(3384,167,9,0),(3385,167,10,0),(3386,167,11,0),(3387,167,12,0),(3388,167,13,0),(3389,167,14,0),(3390,167,15,0),(3391,168,1,0),(3392,168,2,0),(3393,168,3,0),(3394,168,4,0),(3395,168,5,0),(3396,168,6,0),(3397,168,7,0),(3398,168,8,0),(3399,168,9,0),(3400,168,10,0),(3401,168,11,0),(3402,168,12,0),(3403,168,13,0),(3404,168,14,0),(3405,168,15,0),(3406,169,1,0),(3407,169,2,0),(3408,169,3,0),(3409,169,4,0),(3410,169,5,0),(3411,169,6,0),(3412,169,7,0),(3413,169,8,0),(3414,169,9,0),(3415,169,10,0),(3416,169,11,0),(3417,169,12,0),(3418,169,13,0),(3419,169,14,0),(3420,169,15,0),(3421,170,1,0),(3422,170,2,0),(3423,170,3,0),(3424,170,4,0),(3425,170,5,0),(3426,170,6,0),(3427,170,7,0),(3428,170,8,0),(3429,170,9,0),(3430,170,10,0),(3431,170,11,0),(3432,170,12,0),(3433,170,13,0),(3434,170,14,0),(3435,170,15,0),(3436,171,1,0),(3437,171,2,0),(3438,171,3,0),(3439,171,4,0),(3440,171,5,0),(3441,171,6,0),(3442,171,7,0),(3443,171,8,0),(3444,171,9,0),(3445,171,10,0),(3446,171,11,0),(3447,171,12,0),(3448,171,13,0),(3449,171,14,0),(3450,171,15,0),(3451,172,1,0),(3452,172,2,0),(3453,172,3,0),(3454,172,4,0),(3455,172,5,0),(3456,172,6,0),(3457,172,7,0),(3458,172,8,0),(3459,172,9,0),(3460,172,10,0),(3461,172,11,0),(3462,172,12,0),(3463,172,13,0),(3464,172,14,0),(3465,172,15,0),(3466,173,1,0),(3467,173,2,0),(3468,173,3,0),(3469,173,4,0),(3470,173,5,0),(3471,173,6,0),(3472,173,7,0),(3473,173,8,0),(3474,173,9,0),(3475,173,10,0),(3476,173,11,0),(3477,173,12,0),(3478,173,13,0),(3479,173,14,0),(3480,173,15,0),(3481,174,1,0),(3482,174,2,0),(3483,174,3,0),(3484,174,4,0),(3485,174,5,0),(3486,174,6,0),(3487,174,7,0),(3488,174,8,0),(3489,174,9,0),(3490,174,10,0),(3491,174,11,0),(3492,174,12,0),(3493,174,13,0),(3494,174,14,0),(3495,174,15,0),(3496,175,1,0),(3497,175,2,0),(3498,175,3,0),(3499,175,4,0),(3500,175,5,0),(3501,175,6,0),(3502,175,7,0),(3503,175,8,0),(3504,175,9,0),(3505,175,10,0),(3506,175,11,0),(3507,175,12,0),(3508,175,13,0),(3509,175,14,0),(3510,175,15,0),(3511,176,1,0),(3512,176,2,0),(3513,176,3,0),(3514,176,4,0),(3515,176,5,0),(3516,176,6,0),(3517,176,7,0),(3518,176,8,0),(3519,176,9,0),(3520,176,10,0),(3521,176,11,0),(3522,176,12,0),(3523,176,13,0),(3524,176,14,0),(3525,176,15,0),(3526,177,1,0),(3527,177,2,0),(3528,177,3,0),(3529,177,4,0),(3530,177,5,0),(3531,177,6,0),(3532,177,7,0),(3533,177,8,0),(3534,177,9,0),(3535,177,10,0),(3536,177,11,0),(3537,177,12,0),(3538,177,13,0),(3539,177,14,0),(3540,177,15,0),(3541,178,1,0),(3542,178,2,0),(3543,178,3,0),(3544,178,4,0),(3545,178,5,0),(3546,178,6,0),(3547,178,7,0),(3548,178,8,0),(3549,178,9,0),(3550,178,10,0),(3551,178,11,0),(3552,178,12,0),(3553,178,13,0),(3554,178,14,0),(3555,178,15,0),(3556,179,1,0),(3557,179,2,0),(3558,179,3,0),(3559,179,4,0),(3560,179,5,0),(3561,179,6,0),(3562,179,7,0),(3563,179,8,0),(3564,179,9,0),(3565,179,10,0),(3566,179,11,0),(3567,179,12,0),(3568,179,13,0),(3569,179,14,0),(3570,179,15,0),(3571,180,1,0),(3572,180,2,0),(3573,180,3,0),(3574,180,4,0),(3575,180,5,0),(3576,180,6,0),(3577,180,7,0),(3578,180,8,0),(3579,180,9,0),(3580,180,10,0),(3581,180,11,0),(3582,180,12,0),(3583,180,13,0),(3584,180,14,0),(3585,180,15,0),(3586,181,1,0),(3587,181,2,0),(3588,181,3,0),(3589,181,4,0),(3590,181,5,0),(3591,181,6,0),(3592,181,7,0),(3593,181,8,0),(3594,181,9,0),(3595,181,10,0),(3596,181,11,0),(3597,181,12,0),(3598,181,13,0),(3599,181,14,0),(3600,181,15,0),(3601,182,1,0),(3602,182,2,0),(3603,182,3,0),(3604,182,4,0),(3605,182,5,0),(3606,182,6,0),(3607,182,7,0),(3608,182,8,0),(3609,182,9,0),(3610,182,10,0),(3611,182,11,0),(3612,182,12,0),(3613,182,13,0),(3614,182,14,0),(3615,182,15,0),(3616,183,1,0),(3617,183,2,0),(3618,183,3,0),(3619,183,4,0),(3620,183,5,0),(3621,183,6,0),(3622,183,7,0),(3623,183,8,0),(3624,183,9,0),(3625,183,10,0),(3626,183,11,0),(3627,183,12,0),(3628,183,13,0),(3629,183,14,0),(3630,183,15,0),(3631,184,1,0),(3632,184,2,0),(3633,184,3,0),(3634,184,4,0),(3635,184,5,0),(3636,184,6,0),(3637,184,7,0),(3638,184,8,0),(3639,184,9,0),(3640,184,10,0),(3641,184,11,0),(3642,184,12,0),(3643,184,13,0),(3644,184,14,0),(3645,184,15,0),(3646,184,16,0),(3647,184,17,0),(3648,184,18,0),(3649,184,19,0),(3650,184,20,0),(3651,184,21,0),(3652,184,22,0),(3653,184,23,0),(3654,184,24,0),(3655,184,25,0),(3656,184,26,0),(3657,184,27,0),(3658,184,28,0),(3659,184,29,0),(3660,184,30,0),(3661,185,1,0),(3662,185,2,0),(3663,185,3,0),(3664,185,4,0),(3665,185,5,0),(3666,185,6,0),(3667,185,7,0),(3668,185,8,0),(3669,185,9,0),(3670,185,10,0),(3671,185,11,0),(3672,185,12,0),(3673,185,13,0),(3674,185,14,0),(3675,185,15,0),(3676,185,16,0),(3677,185,17,0),(3678,185,18,0),(3679,185,19,0),(3680,185,20,0),(3681,185,21,0),(3682,185,22,0),(3683,185,23,0),(3684,185,24,0),(3685,185,25,0),(3686,185,26,0),(3687,185,27,0),(3688,185,28,0),(3689,185,29,0),(3690,185,30,0),(3691,186,1,0),(3692,186,2,0),(3693,186,3,0),(3694,186,4,0),(3695,186,5,0),(3696,186,6,0),(3697,186,7,0),(3698,186,8,0),(3699,186,9,0),(3700,186,10,0),(3701,186,11,0),(3702,186,12,0),(3703,186,13,0),(3704,186,14,0),(3705,186,15,0),(3706,186,16,0),(3707,186,17,0),(3708,186,18,0),(3709,186,19,0),(3710,186,20,0),(3711,186,21,0),(3712,186,22,0),(3713,186,23,0),(3714,186,24,0),(3715,186,25,0),(3716,186,26,0),(3717,186,27,0),(3718,186,28,0),(3719,186,29,0),(3720,186,30,0),(3721,187,1,0),(3722,187,2,0),(3723,187,3,0),(3724,187,4,0),(3725,187,5,0),(3726,187,6,0),(3727,187,7,0),(3728,187,8,0),(3729,187,9,0),(3730,187,10,0),(3731,187,11,0),(3732,187,12,0),(3733,187,13,0),(3734,187,14,0),(3735,187,15,0),(3736,187,16,0),(3737,187,17,0),(3738,187,18,0),(3739,187,19,0),(3740,187,20,0),(3741,187,21,0),(3742,187,22,0),(3743,187,23,0),(3744,187,24,0),(3745,187,25,0),(3746,187,26,0),(3747,187,27,0),(3748,187,28,0),(3749,187,29,0),(3750,187,30,0),(3751,188,1,0),(3752,188,2,0),(3753,188,3,0),(3754,188,4,0),(3755,188,5,0),(3756,188,6,0),(3757,188,7,0),(3758,188,8,0),(3759,188,9,0),(3760,188,10,0),(3761,188,11,0),(3762,188,12,0),(3763,188,13,0),(3764,188,14,0),(3765,188,15,0),(3766,188,16,0),(3767,188,17,0),(3768,188,18,0),(3769,188,19,0),(3770,188,20,0),(3771,188,21,0),(3772,188,22,0),(3773,188,23,0),(3774,188,24,0),(3775,188,25,0),(3776,188,26,0),(3777,188,27,0),(3778,188,28,0),(3779,188,29,0),(3780,188,30,0),(3781,189,1,0),(3782,189,2,0),(3783,189,3,0),(3784,189,4,0),(3785,189,5,0),(3786,189,6,0),(3787,189,7,0),(3788,189,8,0),(3789,189,9,0),(3790,189,10,0),(3791,189,11,0),(3792,189,12,0),(3793,189,13,0),(3794,189,14,0),(3795,189,15,0),(3796,189,16,0),(3797,189,17,0),(3798,189,18,0),(3799,189,19,0),(3800,189,20,0),(3801,189,21,0),(3802,189,22,0),(3803,189,23,0),(3804,189,24,0),(3805,189,25,0),(3806,189,26,0),(3807,189,27,0),(3808,189,28,0),(3809,189,29,0),(3810,189,30,0),(3811,190,1,0),(3812,190,2,0),(3813,190,3,0),(3814,190,4,0),(3815,190,5,0),(3816,190,6,0),(3817,190,7,0),(3818,190,8,0),(3819,190,9,0),(3820,190,10,0),(3821,190,11,0),(3822,190,12,0),(3823,190,13,0),(3824,190,14,0),(3825,190,15,0),(3826,190,16,0),(3827,190,17,0),(3828,190,18,0),(3829,190,19,0),(3830,190,20,0),(3831,190,21,0),(3832,190,22,0),(3833,190,23,0),(3834,190,24,0),(3835,190,25,0),(3836,190,26,0),(3837,190,27,0),(3838,190,28,0),(3839,190,29,0),(3840,190,30,0),(3841,191,1,0),(3842,191,2,0),(3843,191,3,0),(3844,191,4,0),(3845,191,5,0),(3846,191,6,0),(3847,191,7,0),(3848,191,8,0),(3849,191,9,0),(3850,191,10,0),(3851,191,11,0),(3852,191,12,0),(3853,191,13,0),(3854,191,14,0),(3855,191,15,0),(3856,191,16,0),(3857,191,17,0),(3858,191,18,0),(3859,191,19,0),(3860,191,20,0),(3861,191,21,0),(3862,191,22,0),(3863,191,23,0),(3864,191,24,0),(3865,191,25,0),(3866,191,26,0),(3867,191,27,0),(3868,191,28,0),(3869,191,29,0),(3870,191,30,0),(3871,192,1,0),(3872,192,2,0),(3873,192,3,0),(3874,192,4,0),(3875,192,5,0),(3876,192,6,0),(3877,192,7,0),(3878,192,8,0),(3879,192,9,0),(3880,192,10,0),(3881,192,11,0),(3882,192,12,0),(3883,192,13,0),(3884,192,14,0),(3885,192,15,0),(3886,192,16,0),(3887,192,17,0),(3888,192,18,0),(3889,192,19,0),(3890,192,20,0),(3891,192,21,0),(3892,192,22,0),(3893,192,23,0),(3894,192,24,0),(3895,192,25,0),(3896,192,26,0),(3897,192,27,0),(3898,192,28,0),(3899,192,29,0),(3900,192,30,0),(3901,193,1,0),(3902,193,2,0),(3903,193,3,0),(3904,193,4,0),(3905,193,5,0),(3906,193,6,0),(3907,193,7,0),(3908,193,8,0),(3909,193,9,0),(3910,193,10,0),(3911,193,11,0),(3912,193,12,0),(3913,193,13,0),(3914,193,14,0),(3915,193,15,0),(3916,193,16,0),(3917,193,17,0),(3918,193,18,0),(3919,193,19,0),(3920,193,20,0),(3921,193,21,0),(3922,193,22,0),(3923,193,23,0),(3924,193,24,0),(3925,193,25,0),(3926,193,26,0),(3927,193,27,0),(3928,193,28,0),(3929,193,29,0),(3930,193,30,0),(3931,194,1,0),(3932,194,2,0),(3933,194,3,0),(3934,194,4,0),(3935,194,5,0),(3936,194,6,0),(3937,194,7,0),(3938,194,8,0),(3939,194,9,0),(3940,194,10,0),(3941,194,11,0),(3942,194,12,0),(3943,194,13,0),(3944,194,14,0),(3945,194,15,0),(3946,194,16,0),(3947,194,17,0),(3948,194,18,0),(3949,194,19,0),(3950,194,20,0),(3951,194,21,0),(3952,194,22,0),(3953,194,23,0),(3954,194,24,0),(3955,194,25,0),(3956,194,26,0),(3957,194,27,0),(3958,194,28,0),(3959,194,29,0),(3960,194,30,0),(3961,195,1,0),(3962,195,2,0),(3963,195,3,0),(3964,195,4,0),(3965,195,5,0),(3966,195,6,0),(3967,195,7,0),(3968,195,8,0),(3969,195,9,0),(3970,195,10,0),(3971,195,11,0),(3972,195,12,0),(3973,195,13,0),(3974,195,14,0),(3975,195,15,0),(3976,195,16,0),(3977,195,17,0),(3978,195,18,0),(3979,195,19,0),(3980,195,20,0),(3981,195,21,0),(3982,195,22,0),(3983,195,23,0),(3984,195,24,0),(3985,195,25,0),(3986,195,26,0),(3987,195,27,0),(3988,195,28,0),(3989,195,29,0),(3990,195,30,0),(3991,196,1,0),(3992,196,2,0),(3993,196,3,0),(3994,196,4,0),(3995,196,5,0),(3996,196,6,0),(3997,196,7,0),(3998,196,8,0),(3999,196,9,0),(4000,196,10,0),(4001,196,11,0),(4002,196,12,0),(4003,196,13,0),(4004,196,14,0),(4005,196,15,0),(4006,196,16,0),(4007,196,17,0),(4008,196,18,0),(4009,196,19,0),(4010,196,20,0),(4011,196,21,0),(4012,196,22,0),(4013,196,23,0),(4014,196,24,0),(4015,196,25,0),(4016,196,26,0),(4017,196,27,0),(4018,196,28,0),(4019,196,29,0),(4020,196,30,0),(4021,197,1,0),(4022,197,2,0),(4023,197,3,0),(4024,197,4,0),(4025,197,5,0),(4026,197,6,0),(4027,197,7,0),(4028,197,8,0),(4029,197,9,0),(4030,197,10,0),(4031,197,11,0),(4032,197,12,0),(4033,197,13,0),(4034,197,14,0),(4035,197,15,0),(4036,197,16,0),(4037,197,17,0),(4038,197,18,0),(4039,197,19,0),(4040,197,20,0),(4041,197,21,0),(4042,197,22,0),(4043,197,23,0),(4044,197,24,0),(4045,197,25,0),(4046,197,26,0),(4047,197,27,0),(4048,197,28,0),(4049,197,29,0),(4050,197,30,0),(4051,198,1,0),(4052,198,2,0),(4053,198,3,0),(4054,198,4,0),(4055,198,5,0),(4056,198,6,0),(4057,198,7,0),(4058,198,8,0),(4059,198,9,0),(4060,198,10,0),(4061,198,11,0),(4062,198,12,0),(4063,198,13,0),(4064,198,14,0),(4065,198,15,0),(4066,198,16,0),(4067,198,17,0),(4068,198,18,0),(4069,198,19,0),(4070,198,20,0),(4071,198,21,0),(4072,198,22,0),(4073,198,23,0),(4074,198,24,0),(4075,198,25,0),(4076,198,26,0),(4077,198,27,0),(4078,198,28,0),(4079,198,29,0),(4080,198,30,0),(4081,199,1,0),(4082,199,2,0),(4083,199,3,0),(4084,199,4,0),(4085,199,5,0),(4086,199,6,0),(4087,199,7,0),(4088,199,8,0),(4089,199,9,0),(4090,199,10,0),(4091,199,11,0),(4092,199,12,0),(4093,199,13,0),(4094,199,14,0),(4095,199,15,0),(4096,199,16,0),(4097,199,17,0),(4098,199,18,0),(4099,199,19,0),(4100,199,20,0),(4101,199,21,0),(4102,199,22,0),(4103,199,23,0),(4104,199,24,0),(4105,199,25,0),(4106,199,26,0),(4107,199,27,0),(4108,199,28,0),(4109,199,29,0),(4110,199,30,0),(4111,200,1,0),(4112,200,2,0),(4113,200,3,0),(4114,200,4,0),(4115,200,5,0),(4116,200,6,0),(4117,200,7,0),(4118,200,8,0),(4119,200,9,0),(4120,200,10,0),(4121,200,11,0),(4122,200,12,0),(4123,200,13,0),(4124,200,14,0),(4125,200,15,0),(4126,200,16,0),(4127,200,17,0),(4128,200,18,0),(4129,200,19,0),(4130,200,20,0),(4131,200,21,0),(4132,200,22,0),(4133,200,23,0),(4134,200,24,0),(4135,200,25,0),(4136,200,26,0),(4137,200,27,0),(4138,200,28,0),(4139,200,29,0),(4140,200,30,0),(4141,201,1,0),(4142,201,2,0),(4143,201,3,0),(4144,201,4,0),(4145,201,5,0),(4146,201,6,0),(4147,201,7,0),(4148,201,8,0),(4149,201,9,0),(4150,201,10,0),(4151,201,11,0),(4152,201,12,0),(4153,201,13,0),(4154,201,14,0),(4155,201,15,0),(4156,201,16,0),(4157,201,17,0),(4158,201,18,0),(4159,201,19,0),(4160,201,20,0),(4161,201,21,0),(4162,201,22,0),(4163,201,23,0),(4164,201,24,0),(4165,201,25,0),(4166,201,26,0),(4167,201,27,0),(4168,201,28,0),(4169,201,29,0),(4170,201,30,0),(4171,202,1,0),(4172,202,2,0),(4173,202,3,0),(4174,202,4,0),(4175,202,5,0),(4176,202,6,0),(4177,202,7,0),(4178,202,8,0),(4179,202,9,0),(4180,202,10,0),(4181,202,11,0),(4182,202,12,0),(4183,202,13,0),(4184,202,14,0),(4185,202,15,0),(4186,202,16,0),(4187,202,17,0),(4188,202,18,0),(4189,202,19,0),(4190,202,20,0),(4191,202,21,0),(4192,202,22,0),(4193,202,23,0),(4194,202,24,0),(4195,202,25,0),(4196,202,26,0),(4197,202,27,0),(4198,202,28,0),(4199,202,29,0),(4200,202,30,0),(4201,203,1,0),(4202,203,2,0),(4203,203,3,0),(4204,203,4,0),(4205,203,5,0),(4206,203,6,0),(4207,203,7,0),(4208,203,8,0),(4209,203,9,0),(4210,203,10,0),(4211,203,11,0),(4212,203,12,0),(4213,203,13,0),(4214,203,14,0),(4215,203,15,0),(4216,203,16,0),(4217,203,17,0),(4218,203,18,0),(4219,203,19,0),(4220,203,20,0),(4221,203,21,0),(4222,203,22,0),(4223,203,23,0),(4224,203,24,0),(4225,203,25,0),(4226,203,26,0),(4227,203,27,0),(4228,203,28,0),(4229,203,29,0),(4230,203,30,0),(4231,204,1,0),(4232,204,2,0),(4233,204,3,0),(4234,204,4,0),(4235,204,5,0),(4236,204,6,0),(4237,204,7,0),(4238,204,8,0),(4239,204,9,0),(4240,204,10,0),(4241,204,11,0),(4242,204,12,0),(4243,204,13,0),(4244,204,14,0),(4245,204,15,0),(4246,204,16,0),(4247,204,17,0),(4248,204,18,0),(4249,204,19,0),(4250,204,20,0),(4251,204,21,0),(4252,204,22,0),(4253,204,23,0),(4254,204,24,0),(4255,204,25,0),(4256,204,26,0),(4257,204,27,0),(4258,204,28,0),(4259,204,29,0),(4260,204,30,0),(4261,205,1,0),(4262,205,2,0),(4263,205,3,0),(4264,205,4,0),(4265,205,5,0),(4266,205,6,0),(4267,205,7,0),(4268,205,8,0),(4269,205,9,0),(4270,205,10,0),(4271,205,11,0),(4272,205,12,0),(4273,205,13,0),(4274,205,14,0),(4275,205,15,0),(4276,205,16,0),(4277,205,17,0),(4278,205,18,0),(4279,205,19,0),(4280,205,20,0),(4281,205,21,0),(4282,205,22,0),(4283,205,23,0),(4284,205,24,0),(4285,205,25,0),(4286,205,26,0),(4287,205,27,0),(4288,205,28,0),(4289,205,29,0),(4290,205,30,0),(4291,206,1,0),(4292,206,2,0),(4293,206,3,0),(4294,206,4,0),(4295,206,5,0),(4296,206,6,0),(4297,206,7,0),(4298,206,8,0),(4299,206,9,0),(4300,206,10,0),(4301,206,11,0),(4302,206,12,0),(4303,206,13,0),(4304,206,14,0),(4305,206,15,0),(4306,206,16,0),(4307,206,17,0),(4308,206,18,0),(4309,206,19,0),(4310,206,20,0),(4311,206,21,0),(4312,206,22,0),(4313,206,23,0),(4314,206,24,0),(4315,206,25,0),(4316,206,26,0),(4317,206,27,0),(4318,206,28,0),(4319,206,29,0),(4320,206,30,0),(4321,207,1,0),(4322,207,2,0),(4323,207,3,0),(4324,207,4,0),(4325,207,5,0),(4326,207,6,0),(4327,207,7,0),(4328,207,8,0),(4329,207,9,0),(4330,207,10,0),(4331,207,11,0),(4332,207,12,0),(4333,207,13,0),(4334,207,14,0),(4335,207,15,0),(4336,207,16,0),(4337,207,17,0),(4338,207,18,0),(4339,207,19,0),(4340,207,20,0),(4341,207,21,0),(4342,207,22,0),(4343,207,23,0),(4344,207,24,0),(4345,207,25,0),(4346,207,26,0),(4347,207,27,0),(4348,207,28,0),(4349,207,29,0),(4350,207,30,0),(4351,208,1,0),(4352,208,2,0),(4353,208,3,0),(4354,208,4,0),(4355,208,5,0),(4356,208,6,0),(4357,208,7,0),(4358,208,8,0),(4359,208,9,0),(4360,208,10,0),(4361,208,11,0),(4362,208,12,0),(4363,208,13,0),(4364,208,14,0),(4365,208,15,0),(4366,208,16,0),(4367,208,17,0),(4368,208,18,0),(4369,208,19,0),(4370,208,20,0),(4371,208,21,0),(4372,208,22,0),(4373,208,23,0),(4374,208,24,0),(4375,208,25,0),(4376,208,26,0),(4377,208,27,0),(4378,208,28,0),(4379,208,29,0),(4380,208,30,0),(4381,209,1,0),(4382,209,2,0),(4383,209,3,0),(4384,209,4,0),(4385,209,5,0),(4386,209,6,0),(4387,209,7,0),(4388,209,8,0),(4389,209,9,0),(4390,209,10,0),(4391,209,11,0),(4392,209,12,0),(4393,209,13,0),(4394,209,14,0),(4395,209,15,0),(4396,209,16,0),(4397,209,17,0),(4398,209,18,0),(4399,209,19,0),(4400,209,20,0),(4401,209,21,0),(4402,209,22,0),(4403,209,23,0),(4404,209,24,0),(4405,209,25,0),(4406,209,26,0),(4407,209,27,0),(4408,209,28,0),(4409,209,29,0),(4410,209,30,0),(4411,210,1,0),(4412,210,2,0),(4413,210,3,0),(4414,210,4,0),(4415,210,5,0),(4416,210,6,0),(4417,210,7,0),(4418,210,8,0),(4419,210,9,0),(4420,210,10,0),(4421,210,11,0),(4422,210,12,0),(4423,210,13,0),(4424,210,14,0),(4425,210,15,0),(4426,210,16,0),(4427,210,17,0),(4428,210,18,0),(4429,210,19,0),(4430,210,20,0),(4431,210,21,0),(4432,210,22,0),(4433,210,23,0),(4434,210,24,0),(4435,210,25,0),(4436,210,26,0),(4437,210,27,0),(4438,210,28,0),(4439,210,29,0),(4440,210,30,0),(4441,211,1,0),(4442,211,2,0),(4443,211,3,0),(4444,211,4,0),(4445,211,5,0),(4446,211,6,0),(4447,211,7,0),(4448,211,8,0),(4449,211,9,0),(4450,211,10,0),(4451,211,11,0),(4452,211,12,0),(4453,211,13,0),(4454,211,14,0),(4455,211,15,0),(4456,211,16,0),(4457,211,17,0),(4458,211,18,0),(4459,211,19,0),(4460,211,20,0),(4461,211,21,0),(4462,211,22,0),(4463,211,23,0),(4464,211,24,0),(4465,211,25,0),(4466,211,26,0),(4467,211,27,0),(4468,211,28,0),(4469,211,29,0),(4470,211,30,0),(4471,212,1,0),(4472,212,2,0),(4473,212,3,0),(4474,212,4,0),(4475,212,5,0),(4476,212,6,0),(4477,212,7,0),(4478,212,8,0),(4479,212,9,0),(4480,212,10,0),(4481,212,11,0),(4482,212,12,0),(4483,212,13,0),(4484,212,14,0),(4485,212,15,0),(4486,212,16,0),(4487,212,17,0),(4488,212,18,0),(4489,212,19,0),(4490,212,20,0),(4491,212,21,0),(4492,212,22,0),(4493,212,23,0),(4494,212,24,0),(4495,212,25,0),(4496,212,26,0),(4497,212,27,0),(4498,212,28,0),(4499,212,29,0),(4500,212,30,0),(4501,213,1,0),(4502,213,2,0),(4503,213,3,0),(4504,213,4,0),(4505,213,5,0),(4506,213,6,0),(4507,213,7,0),(4508,213,8,0),(4509,213,9,0),(4510,213,10,0),(4511,213,11,0),(4512,213,12,0),(4513,213,13,0),(4514,213,14,0),(4515,213,15,0),(4516,213,16,0),(4517,213,17,0),(4518,213,18,0),(4519,213,19,0),(4520,213,20,0),(4521,213,21,0),(4522,213,22,0),(4523,213,23,0),(4524,213,24,0),(4525,213,25,0),(4526,213,26,0),(4527,213,27,0),(4528,213,28,0),(4529,213,29,0),(4530,213,30,0);
/*!40000 ALTER TABLE `attendance` ENABLE KEYS */;
UNLOCK TABLES;

--
-- Table structure for table `course`
--

DROP TABLE IF EXISTS `course`;
/*!40101 SET @saved_cs_client     = @@character_set_client */;
/*!50503 SET character_set_client = utf8mb4 */;
CREATE TABLE `course` (
  `id` int(11) NOT NULL AUTO_INCREMENT,
  `sem_id` int(11) NOT NULL,
  `prof_id` int(11) NOT NULL,
  `room_id` int(11) NOT NULL,
  `name` varchar(50) CHARACTER SET utf8mb4 COLLATE utf8mb4_0900_ai_ci NOT NULL,
  `split` tinyint(1) NOT NULL DEFAULT '0' COMMENT '분할수업 여부 \n0 분할x\n1 분할',
  `joint` int(1) NOT NULL DEFAULT '1' COMMENT '공동 개설 강의 수',
  `see` tinyint(1) NOT NULL DEFAULT '0',
  PRIMARY KEY (`id`),
  KEY `FK_Course_Professor` (`prof_id`),
  KEY `fk_course_semester1_idx` (`sem_id`),
  KEY `fk_course_room1` (`room_id`),
  CONSTRAINT `fk_course_professor1` FOREIGN KEY (`prof_id`) REFERENCES `professor` (`id`),
  CONSTRAINT `fk_course_room1` FOREIGN KEY (`room_id`) REFERENCES `room` (`id`),
  CONSTRAINT `fk_course_semester1` FOREIGN KEY (`sem_id`) REFERENCES `semester` (`id`)
) ENGINE=InnoDB AUTO_INCREMENT=11 DEFAULT CHARSET=utf8;
/*!40101 SET character_set_client = @saved_cs_client */;

--
-- Dumping data for table `course`
--

LOCK TABLES `course` WRITE;
/*!40000 ALTER TABLE `course` DISABLE KEYS */;
INSERT INTO `course` VALUES (3,1,1,1,'프론트엔드 개발',0,1,0),(4,1,1,1,'프론트엔드 개발',0,3,0),(5,1,1,1,'웹프로그래밍',1,2,0),(6,1,1,2,'소프트웨어 캡스톤디자인',1,2,0),(7,2,1,1,'웹프로그래밍',0,1,0),(8,1,3,2,'Python 프로젝트',0,3,0),(9,1,2,2,'대학생활세미나1(IT융합 1반)',0,1,0),(10,1,3,2,'시스템분석 및 설계',1,1,0);
/*!40000 ALTER TABLE `course` ENABLE KEYS */;
UNLOCK TABLES;

--
-- Table structure for table `division`
--

DROP TABLE IF EXISTS `division`;
/*!40101 SET @saved_cs_client     = @@character_set_client */;
/*!50503 SET character_set_client = utf8mb4 */;
CREATE TABLE `division` (
  `id` int(11) NOT NULL AUTO_INCREMENT,
  `cour_id` int(11) NOT NULL,
  `code` varchar(50) NOT NULL COMMENT '과목코드',
  `no` int(1) NOT NULL DEFAULT '1',
  `dept_name` varchar(50) DEFAULT NULL,
  PRIMARY KEY (`id`),
  KEY `fk_division_course1_idx` (`cour_id`),
  CONSTRAINT `fk_division_course1` FOREIGN KEY (`cour_id`) REFERENCES `course` (`id`)
) ENGINE=InnoDB AUTO_INCREMENT=17 DEFAULT CHARSET=utf8;
/*!40101 SET character_set_client = @saved_cs_client */;

--
-- Dumping data for table `division`
--

LOCK TABLES `division` WRITE;
/*!40000 ALTER TABLE `division` DISABLE KEYS */;
INSERT INTO `division` VALUES (1,3,'XB00015',1,NULL),(2,4,'IE00087',1,NULL),(3,4,'XB00015',2,NULL),(5,4,'XD00020',1,NULL),(6,5,'IE00089',1,NULL),(7,5,'XB00008',1,NULL),(8,6,'IC00014',1,NULL),(9,6,'IE00064',1,NULL),(10,7,'XB00008',1,NULL),(11,8,'IC00059',1,NULL),(12,8,'IE00091',1,NULL),(13,8,'XB00020',1,NULL),(14,9,'AC00012',17,NULL),(15,10,'IE00008',1,NULL),(16,10,'XB00018',1,NULL);
/*!40000 ALTER TABLE `division` ENABLE KEYS */;
UNLOCK TABLES;

--
-- Table structure for table `professor`
--

DROP TABLE IF EXISTS `professor`;
/*!40101 SET @saved_cs_client     = @@character_set_client */;
/*!50503 SET character_set_client = utf8mb4 */;
CREATE TABLE `professor` (
  `id` int(11) NOT NULL AUTO_INCREMENT,
  `prof_num` varchar(50) NOT NULL,
  `name` varchar(50) CHARACTER SET utf8mb4 COLLATE utf8mb4_0900_ai_ci NOT NULL,
  `password` varchar(500) NOT NULL DEFAULT '1111',
  `dept_name` varchar(50) DEFAULT NULL,
  PRIMARY KEY (`id`)
) ENGINE=InnoDB AUTO_INCREMENT=5 DEFAULT CHARSET=utf8;
/*!40101 SET character_set_client = @saved_cs_client */;

--
-- Dumping data for table `professor`
--

LOCK TABLES `professor` WRITE;
/*!40000 ALTER TABLE `professor` DISABLE KEYS */;
INSERT INTO `professor` VALUES (1,'100101','윤지섭','1111','IT융합자율학부'),(2,'100102','진영아','1111','IT융합자율학부'),(3,'100103','박원석','1111','IT융합자율학부'),(4,'100104','오혜승','1111','IT융합자율학부');
/*!40000 ALTER TABLE `professor` ENABLE KEYS */;
UNLOCK TABLES;

--
-- Table structure for table `registration`
--

DROP TABLE IF EXISTS `registration`;
/*!40101 SET @saved_cs_client     = @@character_set_client */;
/*!50503 SET character_set_client = utf8mb4 */;
CREATE TABLE `registration` (
  `id` int(11) NOT NULL AUTO_INCREMENT,
  `stu_id` int(11) NOT NULL,
  `cour_id` int(11) NOT NULL,
  `div_id` int(11) NOT NULL,
  PRIMARY KEY (`id`),
  KEY `fk_registration_course1_idx` (`cour_id`),
  KEY `fk_registration_division1_idx` (`div_id`),
  KEY `fk_registration_student1` (`stu_id`),
  CONSTRAINT `fk_registration_course1` FOREIGN KEY (`cour_id`) REFERENCES `course` (`id`),
  CONSTRAINT `fk_registration_division1` FOREIGN KEY (`div_id`) REFERENCES `division` (`id`),
  CONSTRAINT `fk_registration_student1` FOREIGN KEY (`stu_id`) REFERENCES `student` (`id`)
) ENGINE=InnoDB AUTO_INCREMENT=214 DEFAULT CHARSET=utf8;
/*!40101 SET character_set_client = @saved_cs_client */;

--
-- Dumping data for table `registration`
--

LOCK TABLES `registration` WRITE;
/*!40000 ALTER TABLE `registration` DISABLE KEYS */;
INSERT INTO `registration` VALUES (1,1,3,1),(2,2,3,1),(3,4,3,1),(4,5,3,1),(5,6,3,1),(6,7,3,1),(7,8,3,1),(8,9,3,1),(10,10,3,1),(11,11,3,1),(12,12,3,1),(13,13,3,1),(14,14,3,1),(15,15,3,1),(16,16,3,1),(17,17,3,1),(18,18,3,1),(19,19,3,1),(20,20,3,1),(21,21,3,1),(22,22,3,1),(23,23,3,1),(24,24,3,1),(25,25,3,1),(26,26,3,1),(27,27,3,1),(28,28,3,1),(29,29,3,1),(30,30,3,1),(31,31,3,1),(32,32,3,1),(33,33,3,1),(34,34,3,1),(35,35,3,1),(36,36,3,1),(37,37,3,1),(38,38,3,1),(39,39,3,1),(40,40,3,1),(41,41,3,1),(42,42,3,1),(43,43,3,1),(44,20,6,8),(45,21,6,8),(46,22,6,8),(47,23,6,8),(48,24,6,8),(49,25,6,8),(50,26,6,8),(51,27,6,8),(52,28,6,8),(53,29,6,8),(54,30,6,8),(55,31,6,8),(56,32,6,8),(57,33,6,8),(58,34,6,8),(59,35,6,8),(60,36,6,8),(61,37,6,8),(62,38,6,8),(63,39,6,8),(64,40,6,8),(65,41,6,8),(66,42,6,8),(67,43,6,8),(68,14,6,9),(69,15,6,9),(70,16,6,9),(71,17,6,9),(72,18,6,9),(73,19,6,9),(74,4,8,11),(75,5,8,11),(76,6,8,11),(77,7,8,11),(78,8,8,11),(79,9,8,12),(80,10,8,12),(81,11,8,12),(82,12,8,12),(83,13,8,12),(84,14,8,11),(85,15,8,11),(86,16,8,11),(87,17,8,11),(88,18,8,11),(89,19,8,11),(90,20,8,11),(91,21,8,11),(92,22,8,11),(93,23,8,11),(94,44,5,6),(95,45,5,6),(96,46,5,6),(97,47,5,6),(98,48,5,6),(99,49,5,6),(100,50,5,6),(101,51,5,6),(102,52,5,6),(103,53,5,6),(104,54,5,7),(105,55,5,7),(106,56,5,7),(107,57,5,7),(108,58,5,7),(109,59,5,7),(110,60,5,7),(111,61,5,7),(112,62,5,7),(113,63,5,7),(114,64,5,7),(115,65,5,7),(116,66,5,7),(117,67,5,7),(118,68,5,7),(119,69,5,7),(120,70,5,7),(121,71,5,7),(122,72,5,7),(123,73,5,7),(124,44,4,3),(125,45,4,3),(126,46,4,3),(127,47,4,3),(128,48,4,3),(129,49,4,3),(130,50,4,3),(131,51,4,3),(132,52,4,3),(133,53,4,3),(134,54,4,5),(135,55,4,5),(136,56,4,5),(137,57,4,5),(138,58,4,5),(139,59,4,5),(140,60,4,5),(141,61,4,5),(142,62,4,5),(143,63,4,5),(144,64,4,2),(145,65,4,2),(146,66,4,2),(147,67,4,2),(148,68,4,2),(149,69,4,2),(150,70,4,2),(151,71,4,2),(152,72,4,2),(153,73,4,2),(154,74,4,2),(155,75,4,2),(156,76,4,2),(157,77,4,2),(158,78,4,2),(159,79,4,2),(160,80,4,2),(161,81,4,2),(162,82,4,2),(163,83,4,2),(164,44,9,14),(165,45,9,14),(166,46,9,14),(167,47,9,14),(168,48,9,14),(169,49,9,14),(170,50,9,14),(171,51,9,14),(172,52,9,14),(173,53,9,14),(174,54,9,14),(175,55,9,14),(176,56,9,14),(177,57,9,14),(178,58,9,14),(179,59,9,14),(180,60,9,14),(181,61,9,14),(182,62,9,14),(183,63,9,14),(184,44,10,15),(185,45,10,15),(186,46,10,15),(187,47,10,15),(188,48,10,15),(189,49,10,15),(190,50,10,15),(191,51,10,15),(192,52,10,15),(193,53,10,15),(194,54,10,15),(195,55,10,15),(196,56,10,15),(197,57,10,15),(198,58,10,15),(199,59,10,15),(200,60,10,15),(201,61,10,15),(202,62,10,15),(203,63,10,15),(204,64,10,16),(205,65,10,16),(206,66,10,16),(207,67,10,16),(208,68,10,16),(209,69,10,16),(210,70,10,16),(211,71,10,16),(212,72,10,16),(213,73,10,16);
/*!40000 ALTER TABLE `registration` ENABLE KEYS */;
UNLOCK TABLES;

--
-- Table structure for table `room`
--

DROP TABLE IF EXISTS `room`;
/*!40101 SET @saved_cs_client     = @@character_set_client */;
/*!50503 SET character_set_client = utf8mb4 */;
CREATE TABLE `room` (
  `id` int(11) NOT NULL AUTO_INCREMENT,
  `code` int(11) NOT NULL,
  `name` varchar(45) DEFAULT NULL,
  PRIMARY KEY (`id`)
) ENGINE=InnoDB AUTO_INCREMENT=3 DEFAULT CHARSET=utf8;
/*!40101 SET character_set_client = @saved_cs_client */;

--
-- Dumping data for table `room`
--

LOCK TABLES `room` WRITE;
/*!40000 ALTER TABLE `room` DISABLE KEYS */;
INSERT INTO `room` VALUES (1,6202,NULL),(2,6405,NULL);
/*!40000 ALTER TABLE `room` ENABLE KEYS */;
UNLOCK TABLES;

--
-- Table structure for table `semester`
--

DROP TABLE IF EXISTS `semester`;
/*!40101 SET @saved_cs_client     = @@character_set_client */;
/*!50503 SET character_set_client = utf8mb4 */;
CREATE TABLE `semester` (
  `id` int(11) NOT NULL AUTO_INCREMENT,
  `year` int(11) NOT NULL,
  `sem` int(1) NOT NULL,
  `start_date` date NOT NULL,
  `end_date` date NOT NULL,
  `week_num` int(11) NOT NULL,
  PRIMARY KEY (`id`)
) ENGINE=InnoDB AUTO_INCREMENT=3 DEFAULT CHARSET=utf8;
/*!40101 SET character_set_client = @saved_cs_client */;

--
-- Dumping data for table `semester`
--

LOCK TABLES `semester` WRITE;
/*!40000 ALTER TABLE `semester` DISABLE KEYS */;
INSERT INTO `semester` VALUES (1,2020,1,'2020-03-16','2020-07-03',15),(2,2019,2,'2019-08-26','2019-12-19',16);
/*!40000 ALTER TABLE `semester` ENABLE KEYS */;
UNLOCK TABLES;

--
-- Table structure for table `student`
--

DROP TABLE IF EXISTS `student`;
/*!40101 SET @saved_cs_client     = @@character_set_client */;
/*!50503 SET character_set_client = utf8mb4 */;
CREATE TABLE `student` (
  `id` int(11) NOT NULL AUTO_INCREMENT,
  `stu_num` varchar(50) NOT NULL COMMENT '학번',
  `password` varchar(500) NOT NULL DEFAULT '1111' COMMENT '비밀번호',
  `name` varchar(50) CHARACTER SET utf8mb4 COLLATE utf8mb4_0900_ai_ci NOT NULL COMMENT '이름',
  `dept_name` varchar(50) DEFAULT NULL COMMENT '학과이름',
  `year` int(11) NOT NULL COMMENT '학년',
  PRIMARY KEY (`id`)
) ENGINE=InnoDB AUTO_INCREMENT=168 DEFAULT CHARSET=utf8;
/*!40101 SET character_set_client = @saved_cs_client */;

--
-- Dumping data for table `student`
--

LOCK TABLES `student` WRITE;
/*!40000 ALTER TABLE `student` DISABLE KEYS */;
INSERT INTO `student` VALUES (1,'201632001','1111','고은별','소프트웨어공학과',3),(2,'201632002','1111','고정희','소프트웨어공학과',3),(4,'200032004','1111','곽재구','국어국문학',2),(5,'200032005','1111','기형도','국어국문학',1),(6,'200032006','1111','김경호','국어국문학',2),(7,'200032007','1111','김관식','국어국문학',1),(8,'200032008','1111','김광균','국어국문학',1),(9,'200032009','1111','김광섭','국어국문학',2),(10,'200032010','1111','김기린','국어국문학',2),(11,'200032011','1111','김기만','국어국문학',2),(12,'200032012','1111','김남조','국어국문학',2),(13,'200032013','1111','김동명','국어국문학',2),(14,'200032014','1111','김동환','국어국문학',2),(15,'200032015','1111','김미선','국어국문학',2),(16,'200032016','1111','김상용','국어국문학',3),(17,'200032017','1111','김소엽','국어국문학',3),(18,'200032018','1111','김소월','국어국문학',3),(19,'200032019','1111','김수영','국어국문학',3),(20,'200032020','1111','김억','국어국문학',3),(21,'200032021','1111','김여정','국어국문학',3),(22,'200032022','1111','김영랑','국어국문학',3),(23,'200032023','1111','김영승','국어국문학',3),(24,'200032024','1111','김영주','국어국문학',3),(25,'200032025','1111','김영현','국어국문학',3),(26,'200032026','1111','김용택','국어국문학',1),(27,'200032027','1111','김윤미','국어국문학',3),(28,'200032028','1111','김일곤','국어국문학',1),(29,'200032029','1111','김정환','국어국문학',1),(30,'200032030','1111','김조화','국어국문학',3),(31,'200132001','1111','김종삼','국어국문학',1),(32,'200132002','1111','김지하','국어국문학',3),(33,'200132003','1111','김초혜','국어국문학',2),(34,'200132004','1111','김춘수','국어국문학',2),(35,'200132006','1111','김혜기','국어국문학',2),(36,'200132007','1111','김홍숙','국어국문학',2),(37,'200132008','1111','김희','국어국문학',3),(38,'200132009','1111','나태주','국어국문학',3),(39,'200132010','1111','나해철','국어국문학',1),(40,'200132011','1111','나혁채','국어국문학',1),(41,'200132012','1111','노천명','국어국문학',1),(42,'200132013','1111','도종환','국어국문학',3),(43,'200132014','1111','류경우','국어국문학',1),(44,'200132015','1111','류소진','국어국문학',1),(45,'200132016','1111','류시화','국어국문학',3),(46,'200132017','1111','류정숙','국어국문학',3),(47,'200132018','1111','마광수','국어국문학',3),(48,'200132019','1111','마종기','국어국문학',3),(49,'200532014','1111','홍길동','국어국문학',3),(50,'200032001','1111','고은','영어영문학',2),(51,'200132005','1111','김현승','영어영문학',2),(52,'200132020','1111','모윤숙','영어영문학',1),(53,'200132021','1111','문병란','영어영문학',1),(54,'200132022','1111','문부식','영어영문학',1),(55,'200132023','1111','민초희','영어영문학',2),(56,'200132024','1111','박공배','영어영문학',1),(57,'200132025','1111','박기남','영어영문학',2),(58,'200132026','1111','박노해','영어영문학',2),(59,'200132027','1111','박렬','영어영문학',2),(60,'200132028','1111','박목월','영어영문학',2),(61,'200132029','1111','박성룡','영어영문학',2),(62,'200132030','1111','박영남','영어영문학',2),(63,'200232001','1111','박용래','영어영문학',2),(64,'200232002','1111','박용재','영어영문학',2),(65,'200232003','1111','박용주','영어영문학',2),(66,'200232004','1111','박용철','영어영문학',2),(67,'200232005','1111','박인환','영어영문학',3),(68,'200232006','1111','박재삼','영어영문학',3),(69,'200232007','1111','박정하','영어영문학',3),(70,'200232008','1111','박진환','영어영문학',3),(71,'200232009','1111','박흥준','영어영문학',3),(72,'200232010','1111','박희진','영어영문학',1),(73,'200232011','1111','백무산','영어영문학',3),(74,'200232012','1111','변영로','영어영문학',1),(75,'200232013','1111','복효근','영어영문학',1),(76,'200232014','1111','서안나','영어영문학',1),(77,'200232015','1111','서정윤','영어영문학',1),(78,'200232016','1111','서정주','영어영문학',3),(79,'200232017','1111','성지희','영어영문학',1),(80,'200232018','1111','손종일','영어영문학',1),(81,'200232019','1111','송근영','영어영문학',3),(82,'200232020','1111','송기원','영어영문학',3),(83,'200232021','1111','송명','영어영문학',3),(84,'200232022','1111','송명호','영어영문학',3),(85,'200232023','1111','송종철','영어영문학',3),(86,'200232024','1111','신경림','영어영문학',1),(87,'200232025','1111','신달자','영어영문학',1),(88,'200232026','1111','신대철','영어영문학',3),(89,'200232027','1111','신동엽','영어영문학',1),(90,'200232028','1111','신동춘','영어영문학',1),(91,'200232029','1111','신석정','영어영문학',1),(92,'200232030','1111','신재순','영어영문학',1),(93,'200332001','1111','신진호','영어영문학',1),(94,'200332002','1111','신효정','영어영문학',1),(95,'200332003','1111','심훈','영어영문학',1),(96,'200332004','1111','안도현','영어영문학',1),(97,'200332005','1111','안상학','영어영문학',1),(98,'200332006','1111','엄원태','영어영문학',3),(99,'200332007','1111','여경희','영어영문학',3),(100,'200332008','1111','오세영','영어영문학',3),(101,'200332009','1111','오순화','영어영문학',2),(102,'200532013','1111','강감찬','영어영문학',1),(104,'200332010','1111','유병옥','불어불문학',2),(105,'200332011','1111','유안진','불어불문학',2),(106,'200332012','1111','유치환','불어불문학',2),(107,'200332013','1111','유하','불어불문학',2),(108,'200332014','1111','유환숙','불어불문학',2),(109,'200332015','1111','윤동주','불어불문학',2),(110,'200332016','1111','이강원','불어불문학',2),(111,'200332017','1111','이경아','불어불문학',2),(112,'200332018','1111','이규경','불어불문학',2),(113,'200332019','1111','이규호','불어불문학',1),(114,'200332020','1111','이동식','불어불문학',1),(115,'200332021','1111','이문제','불어불문학',1),(116,'200332022','1111','이병기','불어불문학',1),(117,'200332023','1111','이병우','불어불문학',3),(118,'200332024','1111','이상','불어불문학',3),(119,'200332025','1111','이상화','불어불문학',3),(120,'200332026','1111','이생진','불어불문학',3),(121,'200332027','1111','이성복','불어불문학',3),(122,'200332028','1111','이세룡','불어불문학',3),(123,'200332029','1111','이수익','불어불문학',3),(124,'200332030','1111','이시영','불어불문학',3),(125,'200432001','1111','이연주','불어불문학',3),(126,'200432002','1111','이영도','불어불문학',2),(127,'200432003','1111','이외수','불어불문학',2),(128,'200432004','1111','이육사','불어불문학',2),(129,'200432005','1111','이은상','불어불문학',2),(130,'200432006','1111','이정하','불어불문학',2),(131,'200432007','1111','이해인','불어불문학',2),(132,'200432008','1111','이형기','불어불문학',3),(133,'200432009','1111','임신행','불어불문학',2),(134,'200432010','1111','임영봉','불어불문학',2),(135,'200432011','1111','장달식','불어불문학',3),(136,'200432012','1111','장만영','불어불문학',3),(137,'200432013','1111','장서언','불어불문학',3),(138,'200432014','1111','장석남','불어불문학',3),(139,'200432015','1111','장정일','불어불문학',3),(140,'200432016','1111','정기석','불어불문학',3),(141,'200432017','1111','정두리','불어불문학',3),(142,'200432018','1111','정민기','불어불문학',3),(143,'200432019','1111','정세훈','불어불문학',1),(144,'200432020','1111','정유정','불어불문학',1),(145,'200432021','1111','정현종','불어불문학',1),(146,'200432022','1111','정호승','불어불문학',1),(147,'200432023','1111','조동진','불어불문학',1),(148,'200432024','1111','조병화','불어불문학',1),(149,'200432025','1111','조정권','불어불문학',1),(150,'200432026','1111','조지훈','불어불문학',1),(151,'200432027','1111','주요한','불어불문학',1),(152,'200432028','1111','천상병','불어불문학',1),(153,'200432029','1111','천승세','불어불문학',1),(154,'200432030','1111','최복현','불어불문학',3),(155,'200532001','1111','최영미','불어불문학',3),(156,'200532002','1111','최예선','불어불문학',2),(157,'200532003','1111','최은하','불어불문학',2),(158,'200532004','1111','한계섭','불어불문학',2),(159,'200532005','1111','한용운','불어불문학',3),(160,'200532006','1111','한하운','불어불문학',3),(161,'200532007','1111','함석헌','불어불문학',1),(162,'200532008','1111','황금찬','불어불문학',1),(163,'200532009','1111','황동규','불어불문학',1),(164,'200532010','1111','황석우','불어불문학',1),(165,'200532011','1111','황인숙','불어불문학',1),(166,'200532012','1111','황지하','불어불문학',1),(167,'201732033','1111','정은애','소프트웨어공학과',4);
/*!40000 ALTER TABLE `student` ENABLE KEYS */;
UNLOCK TABLES;

--
-- Table structure for table `time`
--

DROP TABLE IF EXISTS `time`;
/*!40101 SET @saved_cs_client     = @@character_set_client */;
/*!50503 SET character_set_client = utf8mb4 */;
CREATE TABLE `time` (
  `id` int(11) NOT NULL AUTO_INCREMENT,
  `cour_id` int(11) NOT NULL,
  `start_date` date NOT NULL,
  `start_time` time NOT NULL,
  `end_time` time NOT NULL,
  `day_of_week` int(1) NOT NULL,
  PRIMARY KEY (`id`),
  KEY `fk_time_course1_idx` (`cour_id`),
  CONSTRAINT `fk_time_course1` FOREIGN KEY (`cour_id`) REFERENCES `course` (`id`)
) ENGINE=InnoDB AUTO_INCREMENT=12 DEFAULT CHARSET=utf8;
/*!40101 SET character_set_client = @saved_cs_client */;

--
-- Dumping data for table `time`
--

LOCK TABLES `time` WRITE;
/*!40000 ALTER TABLE `time` DISABLE KEYS */;
INSERT INTO `time` VALUES (1,3,'2020-03-16','09:00:00','11:50:00',1),(2,4,'2020-03-18','09:00:00','11:50:00',3),(3,5,'2020-03-16','12:00:00','13:15:00',1),(4,5,'2020-03-18','12:00:00','13:15:00',3),(5,6,'2020-03-17','12:00:00','14:50:00',2),(6,6,'2020-03-17','18:25:00','21:10:00',2),(7,7,'2019-08-28','09:00:00','11:50:00',3),(8,8,'2020-03-19','09:00:00','11:50:00',4),(9,9,'2020-03-20','13:00:00','14:50:00',5),(10,10,'2020-03-17','15:00:00','16:15:00',2),(11,10,'2020-03-19','15:00:00','16:15:00',4);
/*!40000 ALTER TABLE `time` ENABLE KEYS */;
UNLOCK TABLES;
/*!40103 SET TIME_ZONE=@OLD_TIME_ZONE */;

/*!40101 SET SQL_MODE=@OLD_SQL_MODE */;
/*!40014 SET FOREIGN_KEY_CHECKS=@OLD_FOREIGN_KEY_CHECKS */;
/*!40014 SET UNIQUE_CHECKS=@OLD_UNIQUE_CHECKS */;
/*!40101 SET CHARACTER_SET_CLIENT=@OLD_CHARACTER_SET_CLIENT */;
/*!40101 SET CHARACTER_SET_RESULTS=@OLD_CHARACTER_SET_RESULTS */;
/*!40101 SET COLLATION_CONNECTION=@OLD_COLLATION_CONNECTION */;
/*!40111 SET SQL_NOTES=@OLD_SQL_NOTES */;

-- Dump completed on 2020-04-16 23:32:17
