CREATE DATABASE  IF NOT EXISTS `qrcheck` /*!40100 DEFAULT CHARACTER SET utf8 */ /*!80016 DEFAULT ENCRYPTION='N' */;
USE `qrcheck`;
-- MySQL dump 10.13  Distrib 8.0.17, for Win64 (x86_64)
--
-- Host: localhost    Database: qrcheck
-- ------------------------------------------------------
-- Server version	8.0.17

/*!40101 SET @OLD_CHARACTER_SET_CLIENT=@@CHARACTER_SET_CLIENT */;
/*!40101 SET @OLD_CHARACTER_SET_RESULTS=@@CHARACTER_SET_RESULTS */;
/*!40101 SET @OLD_COLLATION_CONNECTION=@@COLLATION_CONNECTION */;
/*!50503 SET NAMES utf8 */;
/*!40103 SET @OLD_TIME_ZONE=@@TIME_ZONE */;
/*!40103 SET TIME_ZONE='+00:00' */;
/*!40014 SET @OLD_UNIQUE_CHECKS=@@UNIQUE_CHECKS, UNIQUE_CHECKS=0 */;
/*!40014 SET @OLD_FOREIGN_KEY_CHECKS=@@FOREIGN_KEY_CHECKS, FOREIGN_KEY_CHECKS=0 */;
/*!40101 SET @OLD_SQL_MODE=@@SQL_MODE, SQL_MODE='NO_AUTO_VALUE_ON_ZERO' */;
/*!40111 SET @OLD_SQL_NOTES=@@SQL_NOTES, SQL_NOTES=0 */;

--
-- Table structure for table `admin`
--

DROP TABLE IF EXISTS `admin`;
/*!40101 SET @saved_cs_client     = @@character_set_client */;
/*!50503 SET character_set_client = utf8mb4 */;
CREATE TABLE `admin` (
  `id` int(11) NOT NULL AUTO_INCREMENT,
  `admin_num` varchar(50) NOT NULL,
  `password` varchar(500) NOT NULL,
  `sem_id` int(11) NOT NULL,
  PRIMARY KEY (`id`),
  KEY `fk_admin_semester1_idx` (`sem_id`),
  CONSTRAINT `fk_admin_semester1` FOREIGN KEY (`sem_id`) REFERENCES `semester` (`id`)
) ENGINE=InnoDB AUTO_INCREMENT=2 DEFAULT CHARSET=utf8;
/*!40101 SET character_set_client = @saved_cs_client */;

--
-- Dumping data for table `admin`
--

LOCK TABLES `admin` WRITE;
/*!40000 ALTER TABLE `admin` DISABLE KEYS */;
INSERT INTO `admin` VALUES (1,'111','1234',1);
/*!40000 ALTER TABLE `admin` ENABLE KEYS */;
UNLOCK TABLES;

--
-- Table structure for table `attendance`
--

DROP TABLE IF EXISTS `attendance`;
/*!40101 SET @saved_cs_client     = @@character_set_client */;
/*!50503 SET character_set_client = utf8mb4 */;
CREATE TABLE `attendance` (
  `id` int(100) NOT NULL AUTO_INCREMENT,
  `regi_id` int(11) NOT NULL,
  `num` int(11) NOT NULL COMMENT '회차',
  `state` int(1) NOT NULL,
  PRIMARY KEY (`id`),
  KEY `fk_check_registration2` (`regi_id`),
  CONSTRAINT `fk_check_registration2` FOREIGN KEY (`regi_id`) REFERENCES `registration` (`id`)
) ENGINE=InnoDB AUTO_INCREMENT=3181 DEFAULT CHARSET=utf8;
/*!40101 SET character_set_client = @saved_cs_client */;

--
-- Dumping data for table `attendance`
--

LOCK TABLES `attendance` WRITE;
/*!40000 ALTER TABLE `attendance` DISABLE KEYS */;
INSERT INTO `attendance` VALUES (1,1,1,0),(2,1,2,0),(3,1,3,0),(4,1,4,0),(5,1,5,0),(6,1,6,0),(7,1,7,0),(8,1,8,0),(9,1,9,0),(10,1,10,0),(11,1,11,0),(12,1,12,0),(13,1,13,0),(14,1,14,0),(15,1,15,0),(16,2,1,0),(17,2,2,0),(18,2,3,0),(19,2,4,0),(20,2,5,0),(21,2,6,0),(22,2,7,0),(23,2,8,0),(24,2,9,0),(25,2,10,0),(26,2,11,0),(27,2,12,0),(28,2,13,0),(29,2,14,0),(30,2,15,0),(31,3,1,0),(32,3,2,0),(33,3,3,0),(34,3,4,0),(35,3,5,0),(36,3,6,0),(37,3,7,0),(38,3,8,0),(39,3,9,0),(40,3,10,0),(41,3,11,0),(42,3,12,0),(43,3,13,0),(44,3,14,0),(45,3,15,0),(46,4,1,0),(47,4,2,0),(48,4,3,0),(49,4,4,0),(50,4,5,0),(51,4,6,0),(52,4,7,0),(53,4,8,0),(54,4,9,0),(55,4,10,0),(56,4,11,0),(57,4,12,0),(58,4,13,0),(59,4,14,0),(60,4,15,0),(61,5,1,0),(62,5,2,0),(63,5,3,0),(64,5,4,0),(65,5,5,0),(66,5,6,0),(67,5,7,0),(68,5,8,0),(69,5,9,0),(70,5,10,0),(71,5,11,0),(72,5,12,0),(73,5,13,0),(74,5,14,0),(75,5,15,0),(76,6,1,0),(77,6,2,0),(78,6,3,0),(79,6,4,0),(80,6,5,0),(81,6,6,0),(82,6,7,0),(83,6,8,0),(84,6,9,0),(85,6,10,0),(86,6,11,0),(87,6,12,0),(88,6,13,0),(89,6,14,0),(90,6,15,0),(91,7,1,0),(92,7,2,0),(93,7,3,0),(94,7,4,0),(95,7,5,0),(96,7,6,0),(97,7,7,0),(98,7,8,0),(99,7,9,0),(100,7,10,0),(101,7,11,0),(102,7,12,0),(103,7,13,0),(104,7,14,0),(105,7,15,0),(106,8,1,0),(107,8,2,0),(108,8,3,0),(109,8,4,0),(110,8,5,0),(111,8,6,0),(112,8,7,0),(113,8,8,0),(114,8,9,0),(115,8,10,0),(116,8,11,0),(117,8,12,0),(118,8,13,0),(119,8,14,0),(120,8,15,0),(121,10,1,0),(122,10,2,0),(123,10,3,0),(124,10,4,0),(125,10,5,0),(126,10,6,0),(127,10,7,0),(128,10,8,0),(129,10,9,0),(130,10,10,0),(131,10,11,0),(132,10,12,0),(133,10,13,0),(134,10,14,0),(135,10,15,0),(136,11,1,0),(137,11,2,0),(138,11,3,0),(139,11,4,0),(140,11,5,0),(141,11,6,0),(142,11,7,0),(143,11,8,0),(144,11,9,0),(145,11,10,0),(146,11,11,0),(147,11,12,0),(148,11,13,0),(149,11,14,0),(150,11,15,0),(151,12,1,0),(152,12,2,0),(153,12,3,0),(154,12,4,0),(155,12,5,0),(156,12,6,0),(157,12,7,0),(158,12,8,0),(159,12,9,0),(160,12,10,0),(161,12,11,0),(162,12,12,0),(163,12,13,0),(164,12,14,0),(165,12,15,0),(166,13,1,0),(167,13,2,0),(168,13,3,0),(169,13,4,0),(170,13,5,0),(171,13,6,0),(172,13,7,0),(173,13,8,0),(174,13,9,0),(175,13,10,0),(176,13,11,0),(177,13,12,0),(178,13,13,0),(179,13,14,0),(180,13,15,0),(181,14,1,0),(182,14,2,0),(183,14,3,0),(184,14,4,0),(185,14,5,0),(186,14,6,0),(187,14,7,0),(188,14,8,0),(189,14,9,0),(190,14,10,0),(191,14,11,0),(192,14,12,0),(193,14,13,0),(194,14,14,0),(195,14,15,0),(196,15,1,0),(197,15,2,0),(198,15,3,0),(199,15,4,0),(200,15,5,0),(201,15,6,0),(202,15,7,0),(203,15,8,0),(204,15,9,0),(205,15,10,0),(206,15,11,0),(207,15,12,0),(208,15,13,0),(209,15,14,0),(210,15,15,0),(211,16,1,0),(212,16,2,0),(213,16,3,0),(214,16,4,0),(215,16,5,0),(216,16,6,0),(217,16,7,0),(218,16,8,0),(219,16,9,0),(220,16,10,0),(221,16,11,0),(222,16,12,0),(223,16,13,0),(224,16,14,0),(225,16,15,0),(226,17,1,0),(227,17,2,0),(228,17,3,0),(229,17,4,0),(230,17,5,0),(231,17,6,0),(232,17,7,0),(233,17,8,0),(234,17,9,0),(235,17,10,0),(236,17,11,0),(237,17,12,0),(238,17,13,0),(239,17,14,0),(240,17,15,0),(241,18,1,0),(242,18,2,0),(243,18,3,0),(244,18,4,0),(245,18,5,0),(246,18,6,0),(247,18,7,0),(248,18,8,0),(249,18,9,0),(250,18,10,0),(251,18,11,0),(252,18,12,0),(253,18,13,0),(254,18,14,0),(255,18,15,0),(256,19,1,0),(257,19,2,0),(258,19,3,0),(259,19,4,0),(260,19,5,0),(261,19,6,0),(262,19,7,0),(263,19,8,0),(264,19,9,0),(265,19,10,0),(266,19,11,0),(267,19,12,0),(268,19,13,0),(269,19,14,0),(270,19,15,0),(271,20,1,0),(272,20,2,0),(273,20,3,0),(274,20,4,0),(275,20,5,0),(276,20,6,0),(277,20,7,0),(278,20,8,0),(279,20,9,0),(280,20,10,0),(281,20,11,0),(282,20,12,0),(283,20,13,0),(284,20,14,0),(285,20,15,0),(286,21,1,0),(287,21,2,0),(288,21,3,0),(289,21,4,0),(290,21,5,0),(291,21,6,0),(292,21,7,0),(293,21,8,0),(294,21,9,0),(295,21,10,0),(296,21,11,0),(297,21,12,0),(298,21,13,0),(299,21,14,0),(300,21,15,0),(301,22,1,0),(302,22,2,0),(303,22,3,0),(304,22,4,0),(305,22,5,0),(306,22,6,0),(307,22,7,0),(308,22,8,0),(309,22,9,0),(310,22,10,0),(311,22,11,0),(312,22,12,0),(313,22,13,0),(314,22,14,0),(315,22,15,0),(316,23,1,0),(317,23,2,0),(318,23,3,0),(319,23,4,0),(320,23,5,0),(321,23,6,0),(322,23,7,0),(323,23,8,0),(324,23,9,0),(325,23,10,0),(326,23,11,0),(327,23,12,0),(328,23,13,0),(329,23,14,0),(330,23,15,0),(331,24,1,0),(332,24,2,0),(333,24,3,0),(334,24,4,0),(335,24,5,0),(336,24,6,0),(337,24,7,0),(338,24,8,0),(339,24,9,0),(340,24,10,0),(341,24,11,0),(342,24,12,0),(343,24,13,0),(344,24,14,0),(345,24,15,0),(346,25,1,0),(347,25,2,0),(348,25,3,0),(349,25,4,0),(350,25,5,0),(351,25,6,0),(352,25,7,0),(353,25,8,0),(354,25,9,0),(355,25,10,0),(356,25,11,0),(357,25,12,0),(358,25,13,0),(359,25,14,0),(360,25,15,0),(361,26,1,0),(362,26,2,0),(363,26,3,0),(364,26,4,0),(365,26,5,0),(366,26,6,0),(367,26,7,0),(368,26,8,0),(369,26,9,0),(370,26,10,0),(371,26,11,0),(372,26,12,0),(373,26,13,0),(374,26,14,0),(375,26,15,0),(376,27,1,0),(377,27,2,0),(378,27,3,0),(379,27,4,0),(380,27,5,0),(381,27,6,0),(382,27,7,0),(383,27,8,0),(384,27,9,0),(385,27,10,0),(386,27,11,0),(387,27,12,0),(388,27,13,0),(389,27,14,0),(390,27,15,0),(391,28,1,0),(392,28,2,0),(393,28,3,0),(394,28,4,0),(395,28,5,0),(396,28,6,0),(397,28,7,0),(398,28,8,0),(399,28,9,0),(400,28,10,0),(401,28,11,0),(402,28,12,0),(403,28,13,0),(404,28,14,0),(405,28,15,0),(406,29,1,0),(407,29,2,0),(408,29,3,0),(409,29,4,0),(410,29,5,0),(411,29,6,0),(412,29,7,0),(413,29,8,0),(414,29,9,0),(415,29,10,0),(416,29,11,0),(417,29,12,0),(418,29,13,0),(419,29,14,0),(420,29,15,0),(421,30,1,0),(422,30,2,0),(423,30,3,0),(424,30,4,0),(425,30,5,0),(426,30,6,0),(427,30,7,0),(428,30,8,0),(429,30,9,0),(430,30,10,0),(431,30,11,0),(432,30,12,0),(433,30,13,0),(434,30,14,0),(435,30,15,0),(436,31,1,0),(437,31,2,0),(438,31,3,0),(439,31,4,0),(440,31,5,0),(441,31,6,0),(442,31,7,0),(443,31,8,0),(444,31,9,0),(445,31,10,0),(446,31,11,0),(447,31,12,0),(448,31,13,0),(449,31,14,0),(450,31,15,0),(451,32,1,0),(452,32,2,0),(453,32,3,0),(454,32,4,0),(455,32,5,0),(456,32,6,0),(457,32,7,0),(458,32,8,0),(459,32,9,0),(460,32,10,0),(461,32,11,0),(462,32,12,0),(463,32,13,0),(464,32,14,0),(465,32,15,0),(466,33,1,0),(467,33,2,0),(468,33,3,0),(469,33,4,0),(470,33,5,0),(471,33,6,0),(472,33,7,0),(473,33,8,0),(474,33,9,0),(475,33,10,0),(476,33,11,0),(477,33,12,0),(478,33,13,0),(479,33,14,0),(480,33,15,0),(481,34,1,0),(482,34,2,0),(483,34,3,0),(484,34,4,0),(485,34,5,0),(486,34,6,0),(487,34,7,0),(488,34,8,0),(489,34,9,0),(490,34,10,0),(491,34,11,0),(492,34,12,0),(493,34,13,0),(494,34,14,0),(495,34,15,0),(496,35,1,0),(497,35,2,0),(498,35,3,0),(499,35,4,0),(500,35,5,0),(501,35,6,0),(502,35,7,0),(503,35,8,0),(504,35,9,0),(505,35,10,0),(506,35,11,0),(507,35,12,0),(508,35,13,0),(509,35,14,0),(510,35,15,0),(511,36,1,0),(512,36,2,0),(513,36,3,0),(514,36,4,0),(515,36,5,0),(516,36,6,0),(517,36,7,0),(518,36,8,0),(519,36,9,0),(520,36,10,0),(521,36,11,0),(522,36,12,0),(523,36,13,0),(524,36,14,0),(525,36,15,0),(526,37,1,0),(527,37,2,0),(528,37,3,0),(529,37,4,0),(530,37,5,0),(531,37,6,0),(532,37,7,0),(533,37,8,0),(534,37,9,0),(535,37,10,0),(536,37,11,0),(537,37,12,0),(538,37,13,0),(539,37,14,0),(540,37,15,0),(541,38,1,0),(542,38,2,0),(543,38,3,0),(544,38,4,0),(545,38,5,0),(546,38,6,0),(547,38,7,0),(548,38,8,0),(549,38,9,0),(550,38,10,0),(551,38,11,0),(552,38,12,0),(553,38,13,0),(554,38,14,0),(555,38,15,0),(556,39,1,0),(557,39,2,0),(558,39,3,0),(559,39,4,0),(560,39,5,0),(561,39,6,0),(562,39,7,0),(563,39,8,0),(564,39,9,0),(565,39,10,0),(566,39,11,0),(567,39,12,0),(568,39,13,0),(569,39,14,0),(570,39,15,0),(571,40,1,0),(572,40,2,0),(573,40,3,0),(574,40,4,0),(575,40,5,0),(576,40,6,0),(577,40,7,0),(578,40,8,0),(579,40,9,0),(580,40,10,0),(581,40,11,0),(582,40,12,0),(583,40,13,0),(584,40,14,0),(585,40,15,0),(586,41,1,0),(587,41,2,0),(588,41,3,0),(589,41,4,0),(590,41,5,0),(591,41,6,0),(592,41,7,0),(593,41,8,0),(594,41,9,0),(595,41,10,0),(596,41,11,0),(597,41,12,0),(598,41,13,0),(599,41,14,0),(600,41,15,0),(601,42,1,0),(602,42,2,0),(603,42,3,0),(604,42,4,0),(605,42,5,0),(606,42,6,0),(607,42,7,0),(608,42,8,0),(609,42,9,0),(610,42,10,0),(611,42,11,0),(612,42,12,0),(613,42,13,0),(614,42,14,0),(615,42,15,0),(616,43,1,0),(617,43,2,0),(618,43,3,0),(619,43,4,0),(620,43,5,0),(621,43,6,0),(622,43,7,0),(623,43,8,0),(624,43,9,0),(625,43,10,0),(626,43,11,0),(627,43,12,0),(628,43,13,0),(629,43,14,0),(630,43,15,0),(631,44,1,0),(632,44,2,0),(633,44,3,0),(634,44,4,0),(635,44,5,0),(636,44,6,0),(637,44,7,0),(638,44,8,0),(639,44,9,0),(640,44,10,0),(641,44,11,0),(642,44,12,0),(643,44,13,0),(644,44,14,0),(645,44,15,0),(646,45,1,0),(647,45,2,0),(648,45,3,0),(649,45,4,0),(650,45,5,0),(651,45,6,0),(652,45,7,0),(653,45,8,0),(654,45,9,0),(655,45,10,0),(656,45,11,0),(657,45,12,0),(658,45,13,0),(659,45,14,0),(660,45,15,0),(661,46,1,0),(662,46,2,0),(663,46,3,0),(664,46,4,0),(665,46,5,0),(666,46,6,0),(667,46,7,0),(668,46,8,0),(669,46,9,0),(670,46,10,0),(671,46,11,0),(672,46,12,0),(673,46,13,0),(674,46,14,0),(675,46,15,0),(676,47,1,0),(677,47,2,0),(678,47,3,0),(679,47,4,0),(680,47,5,0),(681,47,6,0),(682,47,7,0),(683,47,8,0),(684,47,9,0),(685,47,10,0),(686,47,11,0),(687,47,12,0),(688,47,13,0),(689,47,14,0),(690,47,15,0),(691,48,1,0),(692,48,2,0),(693,48,3,0),(694,48,4,0),(695,48,5,0),(696,48,6,0),(697,48,7,0),(698,48,8,0),(699,48,9,0),(700,48,10,0),(701,48,11,0),(702,48,12,0),(703,48,13,0),(704,48,14,0),(705,48,15,0),(706,49,1,0),(707,49,2,0),(708,49,3,0),(709,49,4,0),(710,49,5,0),(711,49,6,0),(712,49,7,0),(713,49,8,0),(714,49,9,0),(715,49,10,0),(716,49,11,0),(717,49,12,0),(718,49,13,0),(719,49,14,0),(720,49,15,0),(721,50,1,0),(722,50,2,0),(723,50,3,0),(724,50,4,0),(725,50,5,0),(726,50,6,0),(727,50,7,0),(728,50,8,0),(729,50,9,0),(730,50,10,0),(731,50,11,0),(732,50,12,0),(733,50,13,0),(734,50,14,0),(735,50,15,0),(736,51,1,0),(737,51,2,0),(738,51,3,0),(739,51,4,0),(740,51,5,0),(741,51,6,0),(742,51,7,0),(743,51,8,0),(744,51,9,0),(745,51,10,0),(746,51,11,0),(747,51,12,0),(748,51,13,0),(749,51,14,0),(750,51,15,0),(751,52,1,0),(752,52,2,0),(753,52,3,0),(754,52,4,0),(755,52,5,0),(756,52,6,0),(757,52,7,0),(758,52,8,0),(759,52,9,0),(760,52,10,0),(761,52,11,0),(762,52,12,0),(763,52,13,0),(764,52,14,0),(765,52,15,0),(766,53,1,0),(767,53,2,0),(768,53,3,0),(769,53,4,0),(770,53,5,0),(771,53,6,0),(772,53,7,0),(773,53,8,0),(774,53,9,0),(775,53,10,0),(776,53,11,0),(777,53,12,0),(778,53,13,0),(779,53,14,0),(780,53,15,0),(781,54,1,0),(782,54,2,0),(783,54,3,0),(784,54,4,0),(785,54,5,0),(786,54,6,0),(787,54,7,0),(788,54,8,0),(789,54,9,0),(790,54,10,0),(791,54,11,0),(792,54,12,0),(793,54,13,0),(794,54,14,0),(795,54,15,0),(796,55,1,0),(797,55,2,0),(798,55,3,0),(799,55,4,0),(800,55,5,0),(801,55,6,0),(802,55,7,0),(803,55,8,0),(804,55,9,0),(805,55,10,0),(806,55,11,0),(807,55,12,0),(808,55,13,0),(809,55,14,0),(810,55,15,0),(811,56,1,0),(812,56,2,0),(813,56,3,0),(814,56,4,0),(815,56,5,0),(816,56,6,0),(817,56,7,0),(818,56,8,0),(819,56,9,0),(820,56,10,0),(821,56,11,0),(822,56,12,0),(823,56,13,0),(824,56,14,0),(825,56,15,0),(826,57,1,0),(827,57,2,0),(828,57,3,0),(829,57,4,0),(830,57,5,0),(831,57,6,0),(832,57,7,0),(833,57,8,0),(834,57,9,0),(835,57,10,0),(836,57,11,0),(837,57,12,0),(838,57,13,0),(839,57,14,0),(840,57,15,0),(841,58,1,0),(842,58,2,0),(843,58,3,0),(844,58,4,0),(845,58,5,0),(846,58,6,0),(847,58,7,0),(848,58,8,0),(849,58,9,0),(850,58,10,0),(851,58,11,0),(852,58,12,0),(853,58,13,0),(854,58,14,0),(855,58,15,0),(856,59,1,0),(857,59,2,0),(858,59,3,0),(859,59,4,0),(860,59,5,0),(861,59,6,0),(862,59,7,0),(863,59,8,0),(864,59,9,0),(865,59,10,0),(866,59,11,0),(867,59,12,0),(868,59,13,0),(869,59,14,0),(870,59,15,0),(871,60,1,0),(872,60,2,0),(873,60,3,0),(874,60,4,0),(875,60,5,0),(876,60,6,0),(877,60,7,0),(878,60,8,0),(879,60,9,0),(880,60,10,0),(881,60,11,0),(882,60,12,0),(883,60,13,0),(884,60,14,0),(885,60,15,0),(886,61,1,0),(887,61,2,0),(888,61,3,0),(889,61,4,0),(890,61,5,0),(891,61,6,0),(892,61,7,0),(893,61,8,0),(894,61,9,0),(895,61,10,0),(896,61,11,0),(897,61,12,0),(898,61,13,0),(899,61,14,0),(900,61,15,0),(901,62,1,0),(902,62,2,0),(903,62,3,0),(904,62,4,0),(905,62,5,0),(906,62,6,0),(907,62,7,0),(908,62,8,0),(909,62,9,0),(910,62,10,0),(911,62,11,0),(912,62,12,0),(913,62,13,0),(914,62,14,0),(915,62,15,0),(916,63,1,0),(917,63,2,0),(918,63,3,0),(919,63,4,0),(920,63,5,0),(921,63,6,0),(922,63,7,0),(923,63,8,0),(924,63,9,0),(925,63,10,0),(926,63,11,0),(927,63,12,0),(928,63,13,0),(929,63,14,0),(930,63,15,0),(931,64,1,0),(932,64,2,0),(933,64,3,0),(934,64,4,0),(935,64,5,0),(936,64,6,0),(937,64,7,0),(938,64,8,0),(939,64,9,0),(940,64,10,0),(941,64,11,0),(942,64,12,0),(943,64,13,0),(944,64,14,0),(945,64,15,0),(946,65,1,0),(947,65,2,0),(948,65,3,0),(949,65,4,0),(950,65,5,0),(951,65,6,0),(952,65,7,0),(953,65,8,0),(954,65,9,0),(955,65,10,0),(956,65,11,0),(957,65,12,0),(958,65,13,0),(959,65,14,0),(960,65,15,0),(961,66,1,0),(962,66,2,0),(963,66,3,0),(964,66,4,0),(965,66,5,0),(966,66,6,0),(967,66,7,0),(968,66,8,0),(969,66,9,0),(970,66,10,0),(971,66,11,0),(972,66,12,0),(973,66,13,0),(974,66,14,0),(975,66,15,0),(976,67,1,0),(977,67,2,0),(978,67,3,0),(979,67,4,0),(980,67,5,0),(981,67,6,0),(982,67,7,0),(983,67,8,0),(984,67,9,0),(985,67,10,0),(986,67,11,0),(987,67,12,0),(988,67,13,0),(989,67,14,0),(990,67,15,0),(991,68,1,0),(992,68,2,0),(993,68,3,0),(994,68,4,0),(995,68,5,0),(996,68,6,0),(997,68,7,0),(998,68,8,0),(999,68,9,0),(1000,68,10,0),(1001,68,11,0),(1002,68,12,0),(1003,68,13,0),(1004,68,14,0),(1005,68,15,0),(1006,69,1,0),(1007,69,2,0),(1008,69,3,0),(1009,69,4,0),(1010,69,5,0),(1011,69,6,0),(1012,69,7,0),(1013,69,8,0),(1014,69,9,0),(1015,69,10,0),(1016,69,11,0),(1017,69,12,0),(1018,69,13,0),(1019,69,14,0),(1020,69,15,0),(1021,70,1,0),(1022,70,2,0),(1023,70,3,0),(1024,70,4,0),(1025,70,5,0),(1026,70,6,0),(1027,70,7,0),(1028,70,8,0),(1029,70,9,0),(1030,70,10,0),(1031,70,11,0),(1032,70,12,0),(1033,70,13,0),(1034,70,14,0),(1035,70,15,0),(1036,71,1,0),(1037,71,2,0),(1038,71,3,0),(1039,71,4,0),(1040,71,5,0),(1041,71,6,0),(1042,71,7,0),(1043,71,8,0),(1044,71,9,0),(1045,71,10,0),(1046,71,11,0),(1047,71,12,0),(1048,71,13,0),(1049,71,14,0),(1050,71,15,0),(1051,72,1,0),(1052,72,2,0),(1053,72,3,0),(1054,72,4,0),(1055,72,5,0),(1056,72,6,0),(1057,72,7,0),(1058,72,8,0),(1059,72,9,0),(1060,72,10,0),(1061,72,11,0),(1062,72,12,0),(1063,72,13,0),(1064,72,14,0),(1065,72,15,0),(1066,73,1,0),(1067,73,2,0),(1068,73,3,0),(1069,73,4,0),(1070,73,5,0),(1071,73,6,0),(1072,73,7,0),(1073,73,8,0),(1074,73,9,0),(1075,73,10,0),(1076,73,11,0),(1077,73,12,0),(1078,73,13,0),(1079,73,14,0),(1080,73,15,0),(1081,74,1,0),(1082,74,2,0),(1083,74,3,0),(1084,74,4,0),(1085,74,5,0),(1086,74,6,0),(1087,74,7,0),(1088,74,8,0),(1089,74,9,0),(1090,74,10,0),(1091,74,11,0),(1092,74,12,0),(1093,74,13,0),(1094,74,14,0),(1095,74,15,0),(1096,75,1,0),(1097,75,2,0),(1098,75,3,0),(1099,75,4,0),(1100,75,5,0),(1101,75,6,0),(1102,75,7,0),(1103,75,8,0),(1104,75,9,0),(1105,75,10,0),(1106,75,11,0),(1107,75,12,0),(1108,75,13,0),(1109,75,14,0),(1110,75,15,0),(1111,76,1,0),(1112,76,2,0),(1113,76,3,0),(1114,76,4,0),(1115,76,5,0),(1116,76,6,0),(1117,76,7,0),(1118,76,8,0),(1119,76,9,0),(1120,76,10,0),(1121,76,11,0),(1122,76,12,0),(1123,76,13,0),(1124,76,14,0),(1125,76,15,0),(1126,77,1,0),(1127,77,2,0),(1128,77,3,0),(1129,77,4,0),(1130,77,5,0),(1131,77,6,0),(1132,77,7,0),(1133,77,8,0),(1134,77,9,0),(1135,77,10,0),(1136,77,11,0),(1137,77,12,0),(1138,77,13,0),(1139,77,14,0),(1140,77,15,0),(1141,78,1,0),(1142,78,2,0),(1143,78,3,0),(1144,78,4,0),(1145,78,5,0),(1146,78,6,0),(1147,78,7,0),(1148,78,8,0),(1149,78,9,0),(1150,78,10,0),(1151,78,11,0),(1152,78,12,0),(1153,78,13,0),(1154,78,14,0),(1155,78,15,0),(1156,79,1,0),(1157,79,2,0),(1158,79,3,0),(1159,79,4,0),(1160,79,5,0),(1161,79,6,0),(1162,79,7,0),(1163,79,8,0),(1164,79,9,0),(1165,79,10,0),(1166,79,11,0),(1167,79,12,0),(1168,79,13,0),(1169,79,14,0),(1170,79,15,0),(1171,80,1,0),(1172,80,2,0),(1173,80,3,0),(1174,80,4,0),(1175,80,5,0),(1176,80,6,0),(1177,80,7,0),(1178,80,8,0),(1179,80,9,0),(1180,80,10,0),(1181,80,11,0),(1182,80,12,0),(1183,80,13,0),(1184,80,14,0),(1185,80,15,0),(1186,81,1,0),(1187,81,2,0),(1188,81,3,0),(1189,81,4,0),(1190,81,5,0),(1191,81,6,0),(1192,81,7,0),(1193,81,8,0),(1194,81,9,0),(1195,81,10,0),(1196,81,11,0),(1197,81,12,0),(1198,81,13,0),(1199,81,14,0),(1200,81,15,0),(1201,82,1,0),(1202,82,2,0),(1203,82,3,0),(1204,82,4,0),(1205,82,5,0),(1206,82,6,0),(1207,82,7,0),(1208,82,8,0),(1209,82,9,0),(1210,82,10,0),(1211,82,11,0),(1212,82,12,0),(1213,82,13,0),(1214,82,14,0),(1215,82,15,0),(1216,83,1,0),(1217,83,2,0),(1218,83,3,0),(1219,83,4,0),(1220,83,5,0),(1221,83,6,0),(1222,83,7,0),(1223,83,8,0),(1224,83,9,0),(1225,83,10,0),(1226,83,11,0),(1227,83,12,0),(1228,83,13,0),(1229,83,14,0),(1230,83,15,0),(1231,84,1,0),(1232,84,2,0),(1233,84,3,0),(1234,84,4,0),(1235,84,5,0),(1236,84,6,0),(1237,84,7,0),(1238,84,8,0),(1239,84,9,0),(1240,84,10,0),(1241,84,11,0),(1242,84,12,0),(1243,84,13,0),(1244,84,14,0),(1245,84,15,0),(1246,85,1,0),(1247,85,2,0),(1248,85,3,0),(1249,85,4,0),(1250,85,5,0),(1251,85,6,0),(1252,85,7,0),(1253,85,8,0),(1254,85,9,0),(1255,85,10,0),(1256,85,11,0),(1257,85,12,0),(1258,85,13,0),(1259,85,14,0),(1260,85,15,0),(1261,86,1,0),(1262,86,2,0),(1263,86,3,0),(1264,86,4,0),(1265,86,5,0),(1266,86,6,0),(1267,86,7,0),(1268,86,8,0),(1269,86,9,0),(1270,86,10,0),(1271,86,11,0),(1272,86,12,0),(1273,86,13,0),(1274,86,14,0),(1275,86,15,0),(1276,87,1,0),(1277,87,2,0),(1278,87,3,0),(1279,87,4,0),(1280,87,5,0),(1281,87,6,0),(1282,87,7,0),(1283,87,8,0),(1284,87,9,0),(1285,87,10,0),(1286,87,11,0),(1287,87,12,0),(1288,87,13,0),(1289,87,14,0),(1290,87,15,0),(1291,88,1,0),(1292,88,2,0),(1293,88,3,0),(1294,88,4,0),(1295,88,5,0),(1296,88,6,0),(1297,88,7,0),(1298,88,8,0),(1299,88,9,0),(1300,88,10,0),(1301,88,11,0),(1302,88,12,0),(1303,88,13,0),(1304,88,14,0),(1305,88,15,0),(1306,89,1,0),(1307,89,2,0),(1308,89,3,0),(1309,89,4,0),(1310,89,5,0),(1311,89,6,0),(1312,89,7,0),(1313,89,8,0),(1314,89,9,0),(1315,89,10,0),(1316,89,11,0),(1317,89,12,0),(1318,89,13,0),(1319,89,14,0),(1320,89,15,0),(1321,90,1,0),(1322,90,2,0),(1323,90,3,0),(1324,90,4,0),(1325,90,5,0),(1326,90,6,0),(1327,90,7,0),(1328,90,8,0),(1329,90,9,0),(1330,90,10,0),(1331,90,11,0),(1332,90,12,0),(1333,90,13,0),(1334,90,14,0),(1335,90,15,0),(1336,91,1,0),(1337,91,2,0),(1338,91,3,0),(1339,91,4,0),(1340,91,5,0),(1341,91,6,0),(1342,91,7,0),(1343,91,8,0),(1344,91,9,0),(1345,91,10,0),(1346,91,11,0),(1347,91,12,0),(1348,91,13,0),(1349,91,14,0),(1350,91,15,0),(1351,92,1,0),(1352,92,2,0),(1353,92,3,0),(1354,92,4,0),(1355,92,5,0),(1356,92,6,0),(1357,92,7,0),(1358,92,8,0),(1359,92,9,0),(1360,92,10,0),(1361,92,11,0),(1362,92,12,0),(1363,92,13,0),(1364,92,14,0),(1365,92,15,0),(1366,93,1,0),(1367,93,2,0),(1368,93,3,0),(1369,93,4,0),(1370,93,5,0),(1371,93,6,0),(1372,93,7,0),(1373,93,8,0),(1374,93,9,0),(1375,93,10,0),(1376,93,11,0),(1377,93,12,0),(1378,93,13,0),(1379,93,14,0),(1380,93,15,0),(1381,94,1,0),(1382,94,2,0),(1383,94,3,0),(1384,94,4,0),(1385,94,5,0),(1386,94,6,0),(1387,94,7,0),(1388,94,8,0),(1389,94,9,0),(1390,94,10,0),(1391,94,11,0),(1392,94,12,0),(1393,94,13,0),(1394,94,14,0),(1395,94,15,0),(1396,95,1,0),(1397,95,2,0),(1398,95,3,0),(1399,95,4,0),(1400,95,5,0),(1401,95,6,0),(1402,95,7,0),(1403,95,8,0),(1404,95,9,0),(1405,95,10,0),(1406,95,11,0),(1407,95,12,0),(1408,95,13,0),(1409,95,14,0),(1410,95,15,0),(1411,96,1,0),(1412,96,2,0),(1413,96,3,0),(1414,96,4,0),(1415,96,5,0),(1416,96,6,0),(1417,96,7,0),(1418,96,8,0),(1419,96,9,0),(1420,96,10,0),(1421,96,11,0),(1422,96,12,0),(1423,96,13,0),(1424,96,14,0),(1425,96,15,0),(1426,97,1,0),(1427,97,2,0),(1428,97,3,0),(1429,97,4,0),(1430,97,5,0),(1431,97,6,0),(1432,97,7,0),(1433,97,8,0),(1434,97,9,0),(1435,97,10,0),(1436,97,11,0),(1437,97,12,0),(1438,97,13,0),(1439,97,14,0),(1440,97,15,0),(1441,98,1,0),(1442,98,2,0),(1443,98,3,0),(1444,98,4,0),(1445,98,5,0),(1446,98,6,0),(1447,98,7,0),(1448,98,8,0),(1449,98,9,0),(1450,98,10,0),(1451,98,11,0),(1452,98,12,0),(1453,98,13,0),(1454,98,14,0),(1455,98,15,0),(1456,99,1,0),(1457,99,2,0),(1458,99,3,0),(1459,99,4,0),(1460,99,5,0),(1461,99,6,0),(1462,99,7,0),(1463,99,8,0),(1464,99,9,0),(1465,99,10,0),(1466,99,11,0),(1467,99,12,0),(1468,99,13,0),(1469,99,14,0),(1470,99,15,0),(1471,100,1,0),(1472,100,2,0),(1473,100,3,0),(1474,100,4,0),(1475,100,5,0),(1476,100,6,0),(1477,100,7,0),(1478,100,8,0),(1479,100,9,0),(1480,100,10,0),(1481,100,11,0),(1482,100,12,0),(1483,100,13,0),(1484,100,14,0),(1485,100,15,0),(1486,101,1,0),(1487,101,2,0),(1488,101,3,0),(1489,101,4,0),(1490,101,5,0),(1491,101,6,0),(1492,101,7,0),(1493,101,8,0),(1494,101,9,0),(1495,101,10,0),(1496,101,11,0),(1497,101,12,0),(1498,101,13,0),(1499,101,14,0),(1500,101,15,0),(1501,102,1,0),(1502,102,2,0),(1503,102,3,0),(1504,102,4,0),(1505,102,5,0),(1506,102,6,0),(1507,102,7,0),(1508,102,8,0),(1509,102,9,0),(1510,102,10,0),(1511,102,11,0),(1512,102,12,0),(1513,102,13,0),(1514,102,14,0),(1515,102,15,0),(1516,103,1,0),(1517,103,2,0),(1518,103,3,0),(1519,103,4,0),(1520,103,5,0),(1521,103,6,0),(1522,103,7,0),(1523,103,8,0),(1524,103,9,0),(1525,103,10,0),(1526,103,11,0),(1527,103,12,0),(1528,103,13,0),(1529,103,14,0),(1530,103,15,0),(1531,104,1,0),(1532,104,2,0),(1533,104,3,0),(1534,104,4,0),(1535,104,5,0),(1536,104,6,0),(1537,104,7,0),(1538,104,8,0),(1539,104,9,0),(1540,104,10,0),(1541,104,11,0),(1542,104,12,0),(1543,104,13,0),(1544,104,14,0),(1545,104,15,0),(1546,105,1,0),(1547,105,2,0),(1548,105,3,0),(1549,105,4,0),(1550,105,5,0),(1551,105,6,0),(1552,105,7,0),(1553,105,8,0),(1554,105,9,0),(1555,105,10,0),(1556,105,11,0),(1557,105,12,0),(1558,105,13,0),(1559,105,14,0),(1560,105,15,0),(1561,106,1,0),(1562,106,2,0),(1563,106,3,0),(1564,106,4,0),(1565,106,5,0),(1566,106,6,0),(1567,106,7,0),(1568,106,8,0),(1569,106,9,0),(1570,106,10,0),(1571,106,11,0),(1572,106,12,0),(1573,106,13,0),(1574,106,14,0),(1575,106,15,0),(1576,107,1,0),(1577,107,2,0),(1578,107,3,0),(1579,107,4,0),(1580,107,5,0),(1581,107,6,0),(1582,107,7,0),(1583,107,8,0),(1584,107,9,0),(1585,107,10,0),(1586,107,11,0),(1587,107,12,0),(1588,107,13,0),(1589,107,14,0),(1590,107,15,0),(1591,108,1,0),(1592,108,2,0),(1593,108,3,0),(1594,108,4,0),(1595,108,5,0),(1596,108,6,0),(1597,108,7,0),(1598,108,8,0),(1599,108,9,0),(1600,108,10,0),(1601,108,11,0),(1602,108,12,0),(1603,108,13,0),(1604,108,14,0),(1605,108,15,0),(1606,109,1,0),(1607,109,2,0),(1608,109,3,0),(1609,109,4,0),(1610,109,5,0),(1611,109,6,0),(1612,109,7,0),(1613,109,8,0),(1614,109,9,0),(1615,109,10,0),(1616,109,11,0),(1617,109,12,0),(1618,109,13,0),(1619,109,14,0),(1620,109,15,0),(1621,110,1,0),(1622,110,2,0),(1623,110,3,0),(1624,110,4,0),(1625,110,5,0),(1626,110,6,0),(1627,110,7,0),(1628,110,8,0),(1629,110,9,0),(1630,110,10,0),(1631,110,11,0),(1632,110,12,0),(1633,110,13,0),(1634,110,14,0),(1635,110,15,0),(1636,111,1,0),(1637,111,2,0),(1638,111,3,0),(1639,111,4,0),(1640,111,5,0),(1641,111,6,0),(1642,111,7,0),(1643,111,8,0),(1644,111,9,0),(1645,111,10,0),(1646,111,11,0),(1647,111,12,0),(1648,111,13,0),(1649,111,14,0),(1650,111,15,0),(1651,112,1,0),(1652,112,2,0),(1653,112,3,0),(1654,112,4,0),(1655,112,5,0),(1656,112,6,0),(1657,112,7,0),(1658,112,8,0),(1659,112,9,0),(1660,112,10,0),(1661,112,11,0),(1662,112,12,0),(1663,112,13,0),(1664,112,14,0),(1665,112,15,0),(1666,113,1,0),(1667,113,2,0),(1668,113,3,0),(1669,113,4,0),(1670,113,5,0),(1671,113,6,0),(1672,113,7,0),(1673,113,8,0),(1674,113,9,0),(1675,113,10,0),(1676,113,11,0),(1677,113,12,0),(1678,113,13,0),(1679,113,14,0),(1680,113,15,0),(1681,114,1,0),(1682,114,2,0),(1683,114,3,0),(1684,114,4,0),(1685,114,5,0),(1686,114,6,0),(1687,114,7,0),(1688,114,8,0),(1689,114,9,0),(1690,114,10,0),(1691,114,11,0),(1692,114,12,0),(1693,114,13,0),(1694,114,14,0),(1695,114,15,0),(1696,115,1,0),(1697,115,2,0),(1698,115,3,0),(1699,115,4,0),(1700,115,5,0),(1701,115,6,0),(1702,115,7,0),(1703,115,8,0),(1704,115,9,0),(1705,115,10,0),(1706,115,11,0),(1707,115,12,0),(1708,115,13,0),(1709,115,14,0),(1710,115,15,0),(1711,116,1,0),(1712,116,2,0),(1713,116,3,0),(1714,116,4,0),(1715,116,5,0),(1716,116,6,0),(1717,116,7,0),(1718,116,8,0),(1719,116,9,0),(1720,116,10,0),(1721,116,11,0),(1722,116,12,0),(1723,116,13,0),(1724,116,14,0),(1725,116,15,0),(1726,117,1,0),(1727,117,2,0),(1728,117,3,0),(1729,117,4,0),(1730,117,5,0),(1731,117,6,0),(1732,117,7,0),(1733,117,8,0),(1734,117,9,0),(1735,117,10,0),(1736,117,11,0),(1737,117,12,0),(1738,117,13,0),(1739,117,14,0),(1740,117,15,0),(1741,118,1,0),(1742,118,2,0),(1743,118,3,0),(1744,118,4,0),(1745,118,5,0),(1746,118,6,0),(1747,118,7,0),(1748,118,8,0),(1749,118,9,0),(1750,118,10,0),(1751,118,11,0),(1752,118,12,0),(1753,118,13,0),(1754,118,14,0),(1755,118,15,0),(1756,119,1,0),(1757,119,2,0),(1758,119,3,0),(1759,119,4,0),(1760,119,5,0),(1761,119,6,0),(1762,119,7,0),(1763,119,8,0),(1764,119,9,0),(1765,119,10,0),(1766,119,11,0),(1767,119,12,0),(1768,119,13,0),(1769,119,14,0),(1770,119,15,0),(1771,120,1,0),(1772,120,2,0),(1773,120,3,0),(1774,120,4,0),(1775,120,5,0),(1776,120,6,0),(1777,120,7,0),(1778,120,8,0),(1779,120,9,0),(1780,120,10,0),(1781,120,11,0),(1782,120,12,0),(1783,120,13,0),(1784,120,14,0),(1785,120,15,0),(1786,121,1,0),(1787,121,2,0),(1788,121,3,0),(1789,121,4,0),(1790,121,5,0),(1791,121,6,0),(1792,121,7,0),(1793,121,8,0),(1794,121,9,0),(1795,121,10,0),(1796,121,11,0),(1797,121,12,0),(1798,121,13,0),(1799,121,14,0),(1800,121,15,0),(1801,122,1,0),(1802,122,2,0),(1803,122,3,0),(1804,122,4,0),(1805,122,5,0),(1806,122,6,0),(1807,122,7,0),(1808,122,8,0),(1809,122,9,0),(1810,122,10,0),(1811,122,11,0),(1812,122,12,0),(1813,122,13,0),(1814,122,14,0),(1815,122,15,0),(1816,123,1,0),(1817,123,2,0),(1818,123,3,0),(1819,123,4,0),(1820,123,5,0),(1821,123,6,0),(1822,123,7,0),(1823,123,8,0),(1824,123,9,0),(1825,123,10,0),(1826,123,11,0),(1827,123,12,0),(1828,123,13,0),(1829,123,14,0),(1830,123,15,0),(1831,124,1,0),(1832,124,2,0),(1833,124,3,0),(1834,124,4,0),(1835,124,5,0),(1836,124,6,0),(1837,124,7,0),(1838,124,8,0),(1839,124,9,0),(1840,124,10,0),(1841,124,11,0),(1842,124,12,0),(1843,124,13,0),(1844,124,14,0),(1845,124,15,0),(1846,125,1,0),(1847,125,2,0),(1848,125,3,0),(1849,125,4,0),(1850,125,5,0),(1851,125,6,0),(1852,125,7,0),(1853,125,8,0),(1854,125,9,0),(1855,125,10,0),(1856,125,11,0),(1857,125,12,0),(1858,125,13,0),(1859,125,14,0),(1860,125,15,0),(1861,126,1,0),(1862,126,2,0),(1863,126,3,0),(1864,126,4,0),(1865,126,5,0),(1866,126,6,0),(1867,126,7,0),(1868,126,8,0),(1869,126,9,0),(1870,126,10,0),(1871,126,11,0),(1872,126,12,0),(1873,126,13,0),(1874,126,14,0),(1875,126,15,0),(1876,127,1,0),(1877,127,2,0),(1878,127,3,0),(1879,127,4,0),(1880,127,5,0),(1881,127,6,0),(1882,127,7,0),(1883,127,8,0),(1884,127,9,0),(1885,127,10,0),(1886,127,11,0),(1887,127,12,0),(1888,127,13,0),(1889,127,14,0),(1890,127,15,0),(1891,128,1,0),(1892,128,2,0),(1893,128,3,0),(1894,128,4,0),(1895,128,5,0),(1896,128,6,0),(1897,128,7,0),(1898,128,8,0),(1899,128,9,0),(1900,128,10,0),(1901,128,11,0),(1902,128,12,0),(1903,128,13,0),(1904,128,14,0),(1905,128,15,0),(1906,129,1,0),(1907,129,2,0),(1908,129,3,0),(1909,129,4,0),(1910,129,5,0),(1911,129,6,0),(1912,129,7,0),(1913,129,8,0),(1914,129,9,0),(1915,129,10,0),(1916,129,11,0),(1917,129,12,0),(1918,129,13,0),(1919,129,14,0),(1920,129,15,0),(1921,130,1,0),(1922,130,2,0),(1923,130,3,0),(1924,130,4,0),(1925,130,5,0),(1926,130,6,0),(1927,130,7,0),(1928,130,8,0),(1929,130,9,0),(1930,130,10,0),(1931,130,11,0),(1932,130,12,0),(1933,130,13,0),(1934,130,14,0),(1935,130,15,0),(1936,131,1,0),(1937,131,2,0),(1938,131,3,0),(1939,131,4,0),(1940,131,5,0),(1941,131,6,0),(1942,131,7,0),(1943,131,8,0),(1944,131,9,0),(1945,131,10,0),(1946,131,11,0),(1947,131,12,0),(1948,131,13,0),(1949,131,14,0),(1950,131,15,0),(1951,132,1,0),(1952,132,2,0),(1953,132,3,0),(1954,132,4,0),(1955,132,5,0),(1956,132,6,0),(1957,132,7,0),(1958,132,8,0),(1959,132,9,0),(1960,132,10,0),(1961,132,11,0),(1962,132,12,0),(1963,132,13,0),(1964,132,14,0),(1965,132,15,0),(1966,133,1,0),(1967,133,2,0),(1968,133,3,0),(1969,133,4,0),(1970,133,5,0),(1971,133,6,0),(1972,133,7,0),(1973,133,8,0),(1974,133,9,0),(1975,133,10,0),(1976,133,11,0),(1977,133,12,0),(1978,133,13,0),(1979,133,14,0),(1980,133,15,0),(1981,134,1,0),(1982,134,2,0),(1983,134,3,0),(1984,134,4,0),(1985,134,5,0),(1986,134,6,0),(1987,134,7,0),(1988,134,8,0),(1989,134,9,0),(1990,134,10,0),(1991,134,11,0),(1992,134,12,0),(1993,134,13,0),(1994,134,14,0),(1995,134,15,0),(1996,135,1,0),(1997,135,2,0),(1998,135,3,0),(1999,135,4,0),(2000,135,5,0),(2001,135,6,0),(2002,135,7,0),(2003,135,8,0),(2004,135,9,0),(2005,135,10,0),(2006,135,11,0),(2007,135,12,0),(2008,135,13,0),(2009,135,14,0),(2010,135,15,0),(2011,136,1,0),(2012,136,2,0),(2013,136,3,0),(2014,136,4,0),(2015,136,5,0),(2016,136,6,0),(2017,136,7,0),(2018,136,8,0),(2019,136,9,0),(2020,136,10,0),(2021,136,11,0),(2022,136,12,0),(2023,136,13,0),(2024,136,14,0),(2025,136,15,0),(2026,137,1,0),(2027,137,2,0),(2028,137,3,0),(2029,137,4,0),(2030,137,5,0),(2031,137,6,0),(2032,137,7,0),(2033,137,8,0),(2034,137,9,0),(2035,137,10,0),(2036,137,11,0),(2037,137,12,0),(2038,137,13,0),(2039,137,14,0),(2040,137,15,0),(2041,138,1,0),(2042,138,2,0),(2043,138,3,0),(2044,138,4,0),(2045,138,5,0),(2046,138,6,0),(2047,138,7,0),(2048,138,8,0),(2049,138,9,0),(2050,138,10,0),(2051,138,11,0),(2052,138,12,0),(2053,138,13,0),(2054,138,14,0),(2055,138,15,0),(2056,139,1,0),(2057,139,2,0),(2058,139,3,0),(2059,139,4,0),(2060,139,5,0),(2061,139,6,0),(2062,139,7,0),(2063,139,8,0),(2064,139,9,0),(2065,139,10,0),(2066,139,11,0),(2067,139,12,0),(2068,139,13,0),(2069,139,14,0),(2070,139,15,0),(2071,140,1,0),(2072,140,2,0),(2073,140,3,0),(2074,140,4,0),(2075,140,5,0),(2076,140,6,0),(2077,140,7,0),(2078,140,8,0),(2079,140,9,0),(2080,140,10,0),(2081,140,11,0),(2082,140,12,0),(2083,140,13,0),(2084,140,14,0),(2085,140,15,0),(2086,141,1,0),(2087,141,2,0),(2088,141,3,0),(2089,141,4,0),(2090,141,5,0),(2091,141,6,0),(2092,141,7,0),(2093,141,8,0),(2094,141,9,0),(2095,141,10,0),(2096,141,11,0),(2097,141,12,0),(2098,141,13,0),(2099,141,14,0),(2100,141,15,0),(2101,142,1,0),(2102,142,2,0),(2103,142,3,0),(2104,142,4,0),(2105,142,5,0),(2106,142,6,0),(2107,142,7,0),(2108,142,8,0),(2109,142,9,0),(2110,142,10,0),(2111,142,11,0),(2112,142,12,0),(2113,142,13,0),(2114,142,14,0),(2115,142,15,0),(2116,143,1,0),(2117,143,2,0),(2118,143,3,0),(2119,143,4,0),(2120,143,5,0),(2121,143,6,0),(2122,143,7,0),(2123,143,8,0),(2124,143,9,0),(2125,143,10,0),(2126,143,11,0),(2127,143,12,0),(2128,143,13,0),(2129,143,14,0),(2130,143,15,0),(2131,144,1,0),(2132,144,2,0),(2133,144,3,0),(2134,144,4,0),(2135,144,5,0),(2136,144,6,0),(2137,144,7,0),(2138,144,8,0),(2139,144,9,0),(2140,144,10,0),(2141,144,11,0),(2142,144,12,0),(2143,144,13,0),(2144,144,14,0),(2145,144,15,0),(2146,145,1,0),(2147,145,2,0),(2148,145,3,0),(2149,145,4,0),(2150,145,5,0),(2151,145,6,0),(2152,145,7,0),(2153,145,8,0),(2154,145,9,0),(2155,145,10,0),(2156,145,11,0),(2157,145,12,0),(2158,145,13,0),(2159,145,14,0),(2160,145,15,0),(2161,146,1,0),(2162,146,2,0),(2163,146,3,0),(2164,146,4,0),(2165,146,5,0),(2166,146,6,0),(2167,146,7,0),(2168,146,8,0),(2169,146,9,0),(2170,146,10,0),(2171,146,11,0),(2172,146,12,0),(2173,146,13,0),(2174,146,14,0),(2175,146,15,0),(2176,147,1,0),(2177,147,2,0),(2178,147,3,0),(2179,147,4,0),(2180,147,5,0),(2181,147,6,0),(2182,147,7,0),(2183,147,8,0),(2184,147,9,0),(2185,147,10,0),(2186,147,11,0),(2187,147,12,0),(2188,147,13,0),(2189,147,14,0),(2190,147,15,0),(2191,148,1,0),(2192,148,2,0),(2193,148,3,0),(2194,148,4,0),(2195,148,5,0),(2196,148,6,0),(2197,148,7,0),(2198,148,8,0),(2199,148,9,0),(2200,148,10,0),(2201,148,11,0),(2202,148,12,0),(2203,148,13,0),(2204,148,14,0),(2205,148,15,0),(2206,149,1,0),(2207,149,2,0),(2208,149,3,0),(2209,149,4,0),(2210,149,5,0),(2211,149,6,0),(2212,149,7,0),(2213,149,8,0),(2214,149,9,0),(2215,149,10,0),(2216,149,11,0),(2217,149,12,0),(2218,149,13,0),(2219,149,14,0),(2220,149,15,0),(2221,150,1,0),(2222,150,2,0),(2223,150,3,0),(2224,150,4,0),(2225,150,5,0),(2226,150,6,0),(2227,150,7,0),(2228,150,8,0),(2229,150,9,0),(2230,150,10,0),(2231,150,11,0),(2232,150,12,0),(2233,150,13,0),(2234,150,14,0),(2235,150,15,0),(2236,151,1,0),(2237,151,2,0),(2238,151,3,0),(2239,151,4,0),(2240,151,5,0),(2241,151,6,0),(2242,151,7,0),(2243,151,8,0),(2244,151,9,0),(2245,151,10,0),(2246,151,11,0),(2247,151,12,0),(2248,151,13,0),(2249,151,14,0),(2250,151,15,0),(2251,152,1,0),(2252,152,2,0),(2253,152,3,0),(2254,152,4,0),(2255,152,5,0),(2256,152,6,0),(2257,152,7,0),(2258,152,8,0),(2259,152,9,0),(2260,152,10,0),(2261,152,11,0),(2262,152,12,0),(2263,152,13,0),(2264,152,14,0),(2265,152,15,0),(2266,153,1,0),(2267,153,2,0),(2268,153,3,0),(2269,153,4,0),(2270,153,5,0),(2271,153,6,0),(2272,153,7,0),(2273,153,8,0),(2274,153,9,0),(2275,153,10,0),(2276,153,11,0),(2277,153,12,0),(2278,153,13,0),(2279,153,14,0),(2280,153,15,0),(2281,154,1,0),(2282,154,2,0),(2283,154,3,0),(2284,154,4,0),(2285,154,5,0),(2286,154,6,0),(2287,154,7,0),(2288,154,8,0),(2289,154,9,0),(2290,154,10,0),(2291,154,11,0),(2292,154,12,0),(2293,154,13,0),(2294,154,14,0),(2295,154,15,0),(2296,155,1,0),(2297,155,2,0),(2298,155,3,0),(2299,155,4,0),(2300,155,5,0),(2301,155,6,0),(2302,155,7,0),(2303,155,8,0),(2304,155,9,0),(2305,155,10,0),(2306,155,11,0),(2307,155,12,0),(2308,155,13,0),(2309,155,14,0),(2310,155,15,0),(2311,156,1,0),(2312,156,2,0),(2313,156,3,0),(2314,156,4,0),(2315,156,5,0),(2316,156,6,0),(2317,156,7,0),(2318,156,8,0),(2319,156,9,0),(2320,156,10,0),(2321,156,11,0),(2322,156,12,0),(2323,156,13,0),(2324,156,14,0),(2325,156,15,0),(2326,157,1,0),(2327,157,2,0),(2328,157,3,0),(2329,157,4,0),(2330,157,5,0),(2331,157,6,0),(2332,157,7,0),(2333,157,8,0),(2334,157,9,0),(2335,157,10,0),(2336,157,11,0),(2337,157,12,0),(2338,157,13,0),(2339,157,14,0),(2340,157,15,0),(2341,158,1,0),(2342,158,2,0),(2343,158,3,0),(2344,158,4,0),(2345,158,5,0),(2346,158,6,0),(2347,158,7,0),(2348,158,8,0),(2349,158,9,0),(2350,158,10,0),(2351,158,11,0),(2352,158,12,0),(2353,158,13,0),(2354,158,14,0),(2355,158,15,0),(2356,159,1,0),(2357,159,2,0),(2358,159,3,0),(2359,159,4,0),(2360,159,5,0),(2361,159,6,0),(2362,159,7,0),(2363,159,8,0),(2364,159,9,0),(2365,159,10,0),(2366,159,11,0),(2367,159,12,0),(2368,159,13,0),(2369,159,14,0),(2370,159,15,0),(2371,160,1,0),(2372,160,2,0),(2373,160,3,0),(2374,160,4,0),(2375,160,5,0),(2376,160,6,0),(2377,160,7,0),(2378,160,8,0),(2379,160,9,0),(2380,160,10,0),(2381,160,11,0),(2382,160,12,0),(2383,160,13,0),(2384,160,14,0),(2385,160,15,0),(2386,161,1,0),(2387,161,2,0),(2388,161,3,0),(2389,161,4,0),(2390,161,5,0),(2391,161,6,0),(2392,161,7,0),(2393,161,8,0),(2394,161,9,0),(2395,161,10,0),(2396,161,11,0),(2397,161,12,0),(2398,161,13,0),(2399,161,14,0),(2400,161,15,0),(2401,162,1,0),(2402,162,2,0),(2403,162,3,0),(2404,162,4,0),(2405,162,5,0),(2406,162,6,0),(2407,162,7,0),(2408,162,8,0),(2409,162,9,0),(2410,162,10,0),(2411,162,11,0),(2412,162,12,0),(2413,162,13,0),(2414,162,14,0),(2415,162,15,0),(2416,163,1,0),(2417,163,2,0),(2418,163,3,0),(2419,163,4,0),(2420,163,5,0),(2421,163,6,0),(2422,163,7,0),(2423,163,8,0),(2424,163,9,0),(2425,163,10,0),(2426,163,11,0),(2427,163,12,0),(2428,163,13,0),(2429,163,14,0),(2430,163,15,0),(2431,164,1,0),(2432,164,2,0),(2433,164,3,0),(2434,164,4,0),(2435,164,5,0),(2436,164,6,0),(2437,164,7,0),(2438,164,8,0),(2439,164,9,0),(2440,164,10,0),(2441,164,11,0),(2442,164,12,0),(2443,164,13,0),(2444,164,14,0),(2445,164,15,0),(2446,165,1,0),(2447,165,2,0),(2448,165,3,0),(2449,165,4,0),(2450,165,5,0),(2451,165,6,0),(2452,165,7,0),(2453,165,8,0),(2454,165,9,0),(2455,165,10,0),(2456,165,11,0),(2457,165,12,0),(2458,165,13,0),(2459,165,14,0),(2460,165,15,0),(2461,166,1,0),(2462,166,2,0),(2463,166,3,0),(2464,166,4,0),(2465,166,5,0),(2466,166,6,0),(2467,166,7,0),(2468,166,8,0),(2469,166,9,0),(2470,166,10,0),(2471,166,11,0),(2472,166,12,0),(2473,166,13,0),(2474,166,14,0),(2475,166,15,0),(2476,167,1,0),(2477,167,2,0),(2478,167,3,0),(2479,167,4,0),(2480,167,5,0),(2481,167,6,0),(2482,167,7,0),(2483,167,8,0),(2484,167,9,0),(2485,167,10,0),(2486,167,11,0),(2487,167,12,0),(2488,167,13,0),(2489,167,14,0),(2490,167,15,0),(2491,168,1,0),(2492,168,2,0),(2493,168,3,0),(2494,168,4,0),(2495,168,5,0),(2496,168,6,0),(2497,168,7,0),(2498,168,8,0),(2499,168,9,0),(2500,168,10,0),(2501,168,11,0),(2502,168,12,0),(2503,168,13,0),(2504,168,14,0),(2505,168,15,0),(2506,169,1,0),(2507,169,2,0),(2508,169,3,0),(2509,169,4,0),(2510,169,5,0),(2511,169,6,0),(2512,169,7,0),(2513,169,8,0),(2514,169,9,0),(2515,169,10,0),(2516,169,11,0),(2517,169,12,0),(2518,169,13,0),(2519,169,14,0),(2520,169,15,0),(2521,170,1,0),(2522,170,2,0),(2523,170,3,0),(2524,170,4,0),(2525,170,5,0),(2526,170,6,0),(2527,170,7,0),(2528,170,8,0),(2529,170,9,0),(2530,170,10,0),(2531,170,11,0),(2532,170,12,0),(2533,170,13,0),(2534,170,14,0),(2535,170,15,0),(2536,171,1,0),(2537,171,2,0),(2538,171,3,0),(2539,171,4,0),(2540,171,5,0),(2541,171,6,0),(2542,171,7,0),(2543,171,8,0),(2544,171,9,0),(2545,171,10,0),(2546,171,11,0),(2547,171,12,0),(2548,171,13,0),(2549,171,14,0),(2550,171,15,0),(2551,172,1,0),(2552,172,2,0),(2553,172,3,0),(2554,172,4,0),(2555,172,5,0),(2556,172,6,0),(2557,172,7,0),(2558,172,8,0),(2559,172,9,0),(2560,172,10,0),(2561,172,11,0),(2562,172,12,0),(2563,172,13,0),(2564,172,14,0),(2565,172,15,0),(2566,173,1,0),(2567,173,2,0),(2568,173,3,0),(2569,173,4,0),(2570,173,5,0),(2571,173,6,0),(2572,173,7,0),(2573,173,8,0),(2574,173,9,0),(2575,173,10,0),(2576,173,11,0),(2577,173,12,0),(2578,173,13,0),(2579,173,14,0),(2580,173,15,0),(2581,174,1,0),(2582,174,2,0),(2583,174,3,0),(2584,174,4,0),(2585,174,5,0),(2586,174,6,0),(2587,174,7,0),(2588,174,8,0),(2589,174,9,0),(2590,174,10,0),(2591,174,11,0),(2592,174,12,0),(2593,174,13,0),(2594,174,14,0),(2595,174,15,0),(2596,175,1,0),(2597,175,2,0),(2598,175,3,0),(2599,175,4,0),(2600,175,5,0),(2601,175,6,0),(2602,175,7,0),(2603,175,8,0),(2604,175,9,0),(2605,175,10,0),(2606,175,11,0),(2607,175,12,0),(2608,175,13,0),(2609,175,14,0),(2610,175,15,0),(2611,176,1,0),(2612,176,2,0),(2613,176,3,0),(2614,176,4,0),(2615,176,5,0),(2616,176,6,0),(2617,176,7,0),(2618,176,8,0),(2619,176,9,0),(2620,176,10,0),(2621,176,11,0),(2622,176,12,0),(2623,176,13,0),(2624,176,14,0),(2625,176,15,0),(2626,177,1,0),(2627,177,2,0),(2628,177,3,0),(2629,177,4,0),(2630,177,5,0),(2631,177,6,0),(2632,177,7,0),(2633,177,8,0),(2634,177,9,0),(2635,177,10,0),(2636,177,11,0),(2637,177,12,0),(2638,177,13,0),(2639,177,14,0),(2640,177,15,0),(2641,178,1,0),(2642,178,2,0),(2643,178,3,0),(2644,178,4,0),(2645,178,5,0),(2646,178,6,0),(2647,178,7,0),(2648,178,8,0),(2649,178,9,0),(2650,178,10,0),(2651,178,11,0),(2652,178,12,0),(2653,178,13,0),(2654,178,14,0),(2655,178,15,0),(2656,179,1,0),(2657,179,2,0),(2658,179,3,0),(2659,179,4,0),(2660,179,5,0),(2661,179,6,0),(2662,179,7,0),(2663,179,8,0),(2664,179,9,0),(2665,179,10,0),(2666,179,11,0),(2667,179,12,0),(2668,179,13,0),(2669,179,14,0),(2670,179,15,0),(2671,180,1,0),(2672,180,2,0),(2673,180,3,0),(2674,180,4,0),(2675,180,5,0),(2676,180,6,0),(2677,180,7,0),(2678,180,8,0),(2679,180,9,0),(2680,180,10,0),(2681,180,11,0),(2682,180,12,0),(2683,180,13,0),(2684,180,14,0),(2685,180,15,0),(2686,181,1,0),(2687,181,2,0),(2688,181,3,0),(2689,181,4,0),(2690,181,5,0),(2691,181,6,0),(2692,181,7,0),(2693,181,8,0),(2694,181,9,0),(2695,181,10,0),(2696,181,11,0),(2697,181,12,0),(2698,181,13,0),(2699,181,14,0),(2700,181,15,0),(2701,182,1,0),(2702,182,2,0),(2703,182,3,0),(2704,182,4,0),(2705,182,5,0),(2706,182,6,0),(2707,182,7,0),(2708,182,8,0),(2709,182,9,0),(2710,182,10,0),(2711,182,11,0),(2712,182,12,0),(2713,182,13,0),(2714,182,14,0),(2715,182,15,0),(2716,183,1,0),(2717,183,2,0),(2718,183,3,0),(2719,183,4,0),(2720,183,5,0),(2721,183,6,0),(2722,183,7,0),(2723,183,8,0),(2724,183,9,0),(2725,183,10,0),(2726,183,11,0),(2727,183,12,0),(2728,183,13,0),(2729,183,14,0),(2730,183,15,0),(2731,184,1,0),(2732,184,2,0),(2733,184,3,0),(2734,184,4,0),(2735,184,5,0),(2736,184,6,0),(2737,184,7,0),(2738,184,8,0),(2739,184,9,0),(2740,184,10,0),(2741,184,11,0),(2742,184,12,0),(2743,184,13,0),(2744,184,14,0),(2745,184,15,0),(2746,185,1,0),(2747,185,2,0),(2748,185,3,0),(2749,185,4,0),(2750,185,5,0),(2751,185,6,0),(2752,185,7,0),(2753,185,8,0),(2754,185,9,0),(2755,185,10,0),(2756,185,11,0),(2757,185,12,0),(2758,185,13,0),(2759,185,14,0),(2760,185,15,0),(2761,186,1,0),(2762,186,2,0),(2763,186,3,0),(2764,186,4,0),(2765,186,5,0),(2766,186,6,0),(2767,186,7,0),(2768,186,8,0),(2769,186,9,0),(2770,186,10,0),(2771,186,11,0),(2772,186,12,0),(2773,186,13,0),(2774,186,14,0),(2775,186,15,0),(2776,187,1,0),(2777,187,2,0),(2778,187,3,0),(2779,187,4,0),(2780,187,5,0),(2781,187,6,0),(2782,187,7,0),(2783,187,8,0),(2784,187,9,0),(2785,187,10,0),(2786,187,11,0),(2787,187,12,0),(2788,187,13,0),(2789,187,14,0),(2790,187,15,0),(2791,188,1,0),(2792,188,2,0),(2793,188,3,0),(2794,188,4,0),(2795,188,5,0),(2796,188,6,0),(2797,188,7,0),(2798,188,8,0),(2799,188,9,0),(2800,188,10,0),(2801,188,11,0),(2802,188,12,0),(2803,188,13,0),(2804,188,14,0),(2805,188,15,0),(2806,189,1,0),(2807,189,2,0),(2808,189,3,0),(2809,189,4,0),(2810,189,5,0),(2811,189,6,0),(2812,189,7,0),(2813,189,8,0),(2814,189,9,0),(2815,189,10,0),(2816,189,11,0),(2817,189,12,0),(2818,189,13,0),(2819,189,14,0),(2820,189,15,0),(2821,190,1,0),(2822,190,2,0),(2823,190,3,0),(2824,190,4,0),(2825,190,5,0),(2826,190,6,0),(2827,190,7,0),(2828,190,8,0),(2829,190,9,0),(2830,190,10,0),(2831,190,11,0),(2832,190,12,0),(2833,190,13,0),(2834,190,14,0),(2835,190,15,0),(2836,191,1,0),(2837,191,2,0),(2838,191,3,0),(2839,191,4,0),(2840,191,5,0),(2841,191,6,0),(2842,191,7,0),(2843,191,8,0),(2844,191,9,0),(2845,191,10,0),(2846,191,11,0),(2847,191,12,0),(2848,191,13,0),(2849,191,14,0),(2850,191,15,0),(2851,192,1,0),(2852,192,2,0),(2853,192,3,0),(2854,192,4,0),(2855,192,5,0),(2856,192,6,0),(2857,192,7,0),(2858,192,8,0),(2859,192,9,0),(2860,192,10,0),(2861,192,11,0),(2862,192,12,0),(2863,192,13,0),(2864,192,14,0),(2865,192,15,0),(2866,193,1,0),(2867,193,2,0),(2868,193,3,0),(2869,193,4,0),(2870,193,5,0),(2871,193,6,0),(2872,193,7,0),(2873,193,8,0),(2874,193,9,0),(2875,193,10,0),(2876,193,11,0),(2877,193,12,0),(2878,193,13,0),(2879,193,14,0),(2880,193,15,0),(2881,194,1,0),(2882,194,2,0),(2883,194,3,0),(2884,194,4,0),(2885,194,5,0),(2886,194,6,0),(2887,194,7,0),(2888,194,8,0),(2889,194,9,0),(2890,194,10,0),(2891,194,11,0),(2892,194,12,0),(2893,194,13,0),(2894,194,14,0),(2895,194,15,0),(2896,195,1,0),(2897,195,2,0),(2898,195,3,0),(2899,195,4,0),(2900,195,5,0),(2901,195,6,0),(2902,195,7,0),(2903,195,8,0),(2904,195,9,0),(2905,195,10,0),(2906,195,11,0),(2907,195,12,0),(2908,195,13,0),(2909,195,14,0),(2910,195,15,0),(2911,196,1,0),(2912,196,2,0),(2913,196,3,0),(2914,196,4,0),(2915,196,5,0),(2916,196,6,0),(2917,196,7,0),(2918,196,8,0),(2919,196,9,0),(2920,196,10,0),(2921,196,11,0),(2922,196,12,0),(2923,196,13,0),(2924,196,14,0),(2925,196,15,0),(2926,197,1,0),(2927,197,2,0),(2928,197,3,0),(2929,197,4,0),(2930,197,5,0),(2931,197,6,0),(2932,197,7,0),(2933,197,8,0),(2934,197,9,0),(2935,197,10,0),(2936,197,11,0),(2937,197,12,0),(2938,197,13,0),(2939,197,14,0),(2940,197,15,0),(2941,198,1,0),(2942,198,2,0),(2943,198,3,0),(2944,198,4,0),(2945,198,5,0),(2946,198,6,0),(2947,198,7,0),(2948,198,8,0),(2949,198,9,0),(2950,198,10,0),(2951,198,11,0),(2952,198,12,0),(2953,198,13,0),(2954,198,14,0),(2955,198,15,0),(2956,199,1,0),(2957,199,2,0),(2958,199,3,0),(2959,199,4,0),(2960,199,5,0),(2961,199,6,0),(2962,199,7,0),(2963,199,8,0),(2964,199,9,0),(2965,199,10,0),(2966,199,11,0),(2967,199,12,0),(2968,199,13,0),(2969,199,14,0),(2970,199,15,0),(2971,200,1,0),(2972,200,2,0),(2973,200,3,0),(2974,200,4,0),(2975,200,5,0),(2976,200,6,0),(2977,200,7,0),(2978,200,8,0),(2979,200,9,0),(2980,200,10,0),(2981,200,11,0),(2982,200,12,0),(2983,200,13,0),(2984,200,14,0),(2985,200,15,0),(2986,201,1,0),(2987,201,2,0),(2988,201,3,0),(2989,201,4,0),(2990,201,5,0),(2991,201,6,0),(2992,201,7,0),(2993,201,8,0),(2994,201,9,0),(2995,201,10,0),(2996,201,11,0),(2997,201,12,0),(2998,201,13,0),(2999,201,14,0),(3000,201,15,0),(3001,202,1,0),(3002,202,2,0),(3003,202,3,0),(3004,202,4,0),(3005,202,5,0),(3006,202,6,0),(3007,202,7,0),(3008,202,8,0),(3009,202,9,0),(3010,202,10,0),(3011,202,11,0),(3012,202,12,0),(3013,202,13,0),(3014,202,14,0),(3015,202,15,0),(3016,203,1,0),(3017,203,2,0),(3018,203,3,0),(3019,203,4,0),(3020,203,5,0),(3021,203,6,0),(3022,203,7,0),(3023,203,8,0),(3024,203,9,0),(3025,203,10,0),(3026,203,11,0),(3027,203,12,0),(3028,203,13,0),(3029,203,14,0),(3030,203,15,0),(3031,204,1,0),(3032,204,2,0),(3033,204,3,0),(3034,204,4,0),(3035,204,5,0),(3036,204,6,0),(3037,204,7,0),(3038,204,8,0),(3039,204,9,0),(3040,204,10,0),(3041,204,11,0),(3042,204,12,0),(3043,204,13,0),(3044,204,14,0),(3045,204,15,0),(3046,205,1,0),(3047,205,2,0),(3048,205,3,0),(3049,205,4,0),(3050,205,5,0),(3051,205,6,0),(3052,205,7,0),(3053,205,8,0),(3054,205,9,0),(3055,205,10,0),(3056,205,11,0),(3057,205,12,0),(3058,205,13,0),(3059,205,14,0),(3060,205,15,0),(3061,206,1,0),(3062,206,2,0),(3063,206,3,0),(3064,206,4,0),(3065,206,5,0),(3066,206,6,0),(3067,206,7,0),(3068,206,8,0),(3069,206,9,0),(3070,206,10,0),(3071,206,11,0),(3072,206,12,0),(3073,206,13,0),(3074,206,14,0),(3075,206,15,0),(3076,207,1,0),(3077,207,2,0),(3078,207,3,0),(3079,207,4,0),(3080,207,5,0),(3081,207,6,0),(3082,207,7,0),(3083,207,8,0),(3084,207,9,0),(3085,207,10,0),(3086,207,11,0),(3087,207,12,0),(3088,207,13,0),(3089,207,14,0),(3090,207,15,0),(3091,208,1,0),(3092,208,2,0),(3093,208,3,0),(3094,208,4,0),(3095,208,5,0),(3096,208,6,0),(3097,208,7,0),(3098,208,8,0),(3099,208,9,0),(3100,208,10,0),(3101,208,11,0),(3102,208,12,0),(3103,208,13,0),(3104,208,14,0),(3105,208,15,0),(3106,209,1,0),(3107,209,2,0),(3108,209,3,0),(3109,209,4,0),(3110,209,5,0),(3111,209,6,0),(3112,209,7,0),(3113,209,8,0),(3114,209,9,0),(3115,209,10,0),(3116,209,11,0),(3117,209,12,0),(3118,209,13,0),(3119,209,14,0),(3120,209,15,0),(3121,210,1,0),(3122,210,2,0),(3123,210,3,0),(3124,210,4,0),(3125,210,5,0),(3126,210,6,0),(3127,210,7,0),(3128,210,8,0),(3129,210,9,0),(3130,210,10,0),(3131,210,11,0),(3132,210,12,0),(3133,210,13,0),(3134,210,14,0),(3135,210,15,0),(3136,211,1,0),(3137,211,2,0),(3138,211,3,0),(3139,211,4,0),(3140,211,5,0),(3141,211,6,0),(3142,211,7,0),(3143,211,8,0),(3144,211,9,0),(3145,211,10,0),(3146,211,11,0),(3147,211,12,0),(3148,211,13,0),(3149,211,14,0),(3150,211,15,0),(3151,212,1,0),(3152,212,2,0),(3153,212,3,0),(3154,212,4,0),(3155,212,5,0),(3156,212,6,0),(3157,212,7,0),(3158,212,8,0),(3159,212,9,0),(3160,212,10,0),(3161,212,11,0),(3162,212,12,0),(3163,212,13,0),(3164,212,14,0),(3165,212,15,0),(3166,213,1,0),(3167,213,2,0),(3168,213,3,0),(3169,213,4,0),(3170,213,5,0),(3171,213,6,0),(3172,213,7,0),(3173,213,8,0),(3174,213,9,0),(3175,213,10,0),(3176,213,11,0),(3177,213,12,0),(3178,213,13,0),(3179,213,14,0),(3180,213,15,0);
/*!40000 ALTER TABLE `attendance` ENABLE KEYS */;
UNLOCK TABLES;

--
-- Table structure for table `course`
--

DROP TABLE IF EXISTS `course`;
/*!40101 SET @saved_cs_client     = @@character_set_client */;
/*!50503 SET character_set_client = utf8mb4 */;
CREATE TABLE `course` (
  `id` int(11) NOT NULL AUTO_INCREMENT,
  `sem_id` int(11) NOT NULL,
  `prof_id` int(11) NOT NULL,
  `room_id` int(11) NOT NULL,
  `name` varchar(50) CHARACTER SET utf8mb4 COLLATE utf8mb4_0900_ai_ci NOT NULL,
  `split` tinyint(1) NOT NULL DEFAULT '0' COMMENT '분할수업 여부 \n0 분할x\n1 분할',
  `joint` int(1) NOT NULL DEFAULT '1' COMMENT '공동 개설 강의 수',
  `see` tinyint(1) NOT NULL DEFAULT '0',
  PRIMARY KEY (`id`),
  KEY `FK_Course_Professor` (`prof_id`),
  KEY `fk_course_semester1_idx` (`sem_id`),
  KEY `fk_course_room1` (`room_id`),
  CONSTRAINT `fk_course_professor1` FOREIGN KEY (`prof_id`) REFERENCES `professor` (`id`),
  CONSTRAINT `fk_course_room1` FOREIGN KEY (`room_id`) REFERENCES `room` (`id`),
  CONSTRAINT `fk_course_semester1` FOREIGN KEY (`sem_id`) REFERENCES `semester` (`id`)
) ENGINE=InnoDB AUTO_INCREMENT=11 DEFAULT CHARSET=utf8;
/*!40101 SET character_set_client = @saved_cs_client */;

--
-- Dumping data for table `course`
--

LOCK TABLES `course` WRITE;
/*!40000 ALTER TABLE `course` DISABLE KEYS */;
INSERT INTO `course` VALUES (3,1,1,1,'프론트엔드 개발',0,1,0),(4,1,1,1,'프론트엔드 개발',0,3,0),(5,1,1,1,'웹프로그래밍',1,2,0),(6,1,1,2,'소프트웨어 캡스톤디자인',1,2,0),(7,2,1,1,'웹프로그래밍',0,1,0),(8,1,3,2,'Python 프로젝트',0,3,0),(9,1,2,2,'대학생활세미나1(IT융합 1반)',0,1,0),(10,1,3,2,'시스템분석 및 설계',1,1,0);
/*!40000 ALTER TABLE `course` ENABLE KEYS */;
UNLOCK TABLES;

--
-- Table structure for table `division`
--

DROP TABLE IF EXISTS `division`;
/*!40101 SET @saved_cs_client     = @@character_set_client */;
/*!50503 SET character_set_client = utf8mb4 */;
CREATE TABLE `division` (
  `id` int(11) NOT NULL AUTO_INCREMENT,
  `cour_id` int(11) NOT NULL,
  `code` varchar(50) NOT NULL COMMENT '과목코드',
  `no` int(1) NOT NULL DEFAULT '1',
  `dept_name` varchar(50) DEFAULT NULL,
  PRIMARY KEY (`id`),
  KEY `fk_division_course1_idx` (`cour_id`),
  CONSTRAINT `fk_division_course1` FOREIGN KEY (`cour_id`) REFERENCES `course` (`id`)
) ENGINE=InnoDB AUTO_INCREMENT=17 DEFAULT CHARSET=utf8;
/*!40101 SET character_set_client = @saved_cs_client */;

--
-- Dumping data for table `division`
--

LOCK TABLES `division` WRITE;
/*!40000 ALTER TABLE `division` DISABLE KEYS */;
INSERT INTO `division` VALUES (1,3,'XB00015',1,NULL),(2,4,'IE00087',1,NULL),(3,4,'XB00015',2,NULL),(5,4,'XD00020',1,NULL),(6,5,'IE00089',1,NULL),(7,5,'XB00008',1,NULL),(8,6,'IC00014',1,NULL),(9,6,'IE00064',1,NULL),(10,7,'XB00008',1,NULL),(11,8,'IC00059',1,NULL),(12,8,'IE00091',1,NULL),(13,8,'XB00020',1,NULL),(14,9,'AC00012',17,NULL),(15,10,'IE00008',1,NULL),(16,10,'XB00018',1,NULL);
/*!40000 ALTER TABLE `division` ENABLE KEYS */;
UNLOCK TABLES;

--
-- Table structure for table `professor`
--

DROP TABLE IF EXISTS `professor`;
/*!40101 SET @saved_cs_client     = @@character_set_client */;
/*!50503 SET character_set_client = utf8mb4 */;
CREATE TABLE `professor` (
  `id` int(11) NOT NULL AUTO_INCREMENT,
  `prof_num` varchar(50) NOT NULL,
  `name` varchar(50) CHARACTER SET utf8mb4 COLLATE utf8mb4_0900_ai_ci NOT NULL,
  `password` varchar(500) NOT NULL DEFAULT '1111',
  `dept_name` varchar(50) DEFAULT NULL,
  PRIMARY KEY (`id`)
) ENGINE=InnoDB AUTO_INCREMENT=5 DEFAULT CHARSET=utf8;
/*!40101 SET character_set_client = @saved_cs_client */;

--
-- Dumping data for table `professor`
--

LOCK TABLES `professor` WRITE;
/*!40000 ALTER TABLE `professor` DISABLE KEYS */;
INSERT INTO `professor` VALUES (1,'100101','윤지섭','1111','IT융합자율학부'),(2,'100102','진영아','1111','IT융합자율학부'),(3,'100103','박원석','1111','IT융합자율학부'),(4,'100104','오혜승','1111','IT융합자율학부');
/*!40000 ALTER TABLE `professor` ENABLE KEYS */;
UNLOCK TABLES;

--
-- Table structure for table `registration`
--

DROP TABLE IF EXISTS `registration`;
/*!40101 SET @saved_cs_client     = @@character_set_client */;
/*!50503 SET character_set_client = utf8mb4 */;
CREATE TABLE `registration` (
  `id` int(11) NOT NULL AUTO_INCREMENT,
  `stu_id` int(11) NOT NULL,
  `cour_id` int(11) NOT NULL,
  `div_id` int(11) NOT NULL,
  PRIMARY KEY (`id`),
  KEY `fk_registration_course1_idx` (`cour_id`),
  KEY `fk_registration_division1_idx` (`div_id`),
  KEY `fk_registration_student1` (`stu_id`),
  CONSTRAINT `fk_registration_course1` FOREIGN KEY (`cour_id`) REFERENCES `course` (`id`),
  CONSTRAINT `fk_registration_division1` FOREIGN KEY (`div_id`) REFERENCES `division` (`id`),
  CONSTRAINT `fk_registration_student1` FOREIGN KEY (`stu_id`) REFERENCES `student` (`id`)
) ENGINE=InnoDB AUTO_INCREMENT=214 DEFAULT CHARSET=utf8;
/*!40101 SET character_set_client = @saved_cs_client */;

--
-- Dumping data for table `registration`
--

LOCK TABLES `registration` WRITE;
/*!40000 ALTER TABLE `registration` DISABLE KEYS */;
INSERT INTO `registration` VALUES (1,1,3,1),(2,2,3,1),(3,4,3,1),(4,5,3,1),(5,6,3,1),(6,7,3,1),(7,8,3,1),(8,9,3,1),(10,10,3,1),(11,11,3,1),(12,12,3,1),(13,13,3,1),(14,14,3,1),(15,15,3,1),(16,16,3,1),(17,17,3,1),(18,18,3,1),(19,19,3,1),(20,20,3,1),(21,21,3,1),(22,22,3,1),(23,23,3,1),(24,24,3,1),(25,25,3,1),(26,26,3,1),(27,27,3,1),(28,28,3,1),(29,29,3,1),(30,30,3,1),(31,31,3,1),(32,32,3,1),(33,33,3,1),(34,34,3,1),(35,35,3,1),(36,36,3,1),(37,37,3,1),(38,38,3,1),(39,39,3,1),(40,40,3,1),(41,41,3,1),(42,42,3,1),(43,43,3,1),(44,20,6,8),(45,21,6,8),(46,22,6,8),(47,23,6,8),(48,24,6,8),(49,25,6,8),(50,26,6,8),(51,27,6,8),(52,28,6,8),(53,29,6,8),(54,30,6,8),(55,31,6,8),(56,32,6,8),(57,33,6,8),(58,34,6,8),(59,35,6,8),(60,36,6,8),(61,37,6,8),(62,38,6,8),(63,39,6,8),(64,40,6,8),(65,41,6,8),(66,42,6,8),(67,43,6,8),(68,14,6,9),(69,15,6,9),(70,16,6,9),(71,17,6,9),(72,18,6,9),(73,19,6,9),(74,4,8,11),(75,5,8,11),(76,6,8,11),(77,7,8,11),(78,8,8,11),(79,9,8,12),(80,10,8,12),(81,11,8,12),(82,12,8,12),(83,13,8,12),(84,14,8,11),(85,15,8,11),(86,16,8,11),(87,17,8,11),(88,18,8,11),(89,19,8,11),(90,20,8,11),(91,21,8,11),(92,22,8,11),(93,23,8,11),(94,44,5,6),(95,45,5,6),(96,46,5,6),(97,47,5,6),(98,48,5,6),(99,49,5,6),(100,50,5,6),(101,51,5,6),(102,52,5,6),(103,53,5,6),(104,54,5,7),(105,55,5,7),(106,56,5,7),(107,57,5,7),(108,58,5,7),(109,59,5,7),(110,60,5,7),(111,61,5,7),(112,62,5,7),(113,63,5,7),(114,64,5,7),(115,65,5,7),(116,66,5,7),(117,67,5,7),(118,68,5,7),(119,69,5,7),(120,70,5,7),(121,71,5,7),(122,72,5,7),(123,73,5,7),(124,44,4,3),(125,45,4,3),(126,46,4,3),(127,47,4,3),(128,48,4,3),(129,49,4,3),(130,50,4,3),(131,51,4,3),(132,52,4,3),(133,53,4,3),(134,54,4,5),(135,55,4,5),(136,56,4,5),(137,57,4,5),(138,58,4,5),(139,59,4,5),(140,60,4,5),(141,61,4,5),(142,62,4,5),(143,63,4,5),(144,64,4,2),(145,65,4,2),(146,66,4,2),(147,67,4,2),(148,68,4,2),(149,69,4,2),(150,70,4,2),(151,71,4,2),(152,72,4,2),(153,73,4,2),(154,74,4,2),(155,75,4,2),(156,76,4,2),(157,77,4,2),(158,78,4,2),(159,79,4,2),(160,80,4,2),(161,81,4,2),(162,82,4,2),(163,83,4,2),(164,44,9,14),(165,45,9,14),(166,46,9,14),(167,47,9,14),(168,48,9,14),(169,49,9,14),(170,50,9,14),(171,51,9,14),(172,52,9,14),(173,53,9,14),(174,54,9,14),(175,55,9,14),(176,56,9,14),(177,57,9,14),(178,58,9,14),(179,59,9,14),(180,60,9,14),(181,61,9,14),(182,62,9,14),(183,63,9,14),(184,44,10,15),(185,45,10,15),(186,46,10,15),(187,47,10,15),(188,48,10,15),(189,49,10,15),(190,50,10,15),(191,51,10,15),(192,52,10,15),(193,53,10,15),(194,54,10,15),(195,55,10,15),(196,56,10,15),(197,57,10,15),(198,58,10,15),(199,59,10,15),(200,60,10,15),(201,61,10,15),(202,62,10,15),(203,63,10,15),(204,64,10,16),(205,65,10,16),(206,66,10,16),(207,67,10,16),(208,68,10,16),(209,69,10,16),(210,70,10,16),(211,71,10,16),(212,72,10,16),(213,73,10,16);
/*!40000 ALTER TABLE `registration` ENABLE KEYS */;
UNLOCK TABLES;

--
-- Table structure for table `room`
--

DROP TABLE IF EXISTS `room`;
/*!40101 SET @saved_cs_client     = @@character_set_client */;
/*!50503 SET character_set_client = utf8mb4 */;
CREATE TABLE `room` (
  `id` int(11) NOT NULL AUTO_INCREMENT,
  `code` int(11) NOT NULL,
  `name` varchar(45) DEFAULT NULL,
  PRIMARY KEY (`id`)
) ENGINE=InnoDB AUTO_INCREMENT=3 DEFAULT CHARSET=utf8;
/*!40101 SET character_set_client = @saved_cs_client */;

--
-- Dumping data for table `room`
--

LOCK TABLES `room` WRITE;
/*!40000 ALTER TABLE `room` DISABLE KEYS */;
INSERT INTO `room` VALUES (1,6202,NULL),(2,6405,NULL);
/*!40000 ALTER TABLE `room` ENABLE KEYS */;
UNLOCK TABLES;

--
-- Table structure for table `semester`
--

DROP TABLE IF EXISTS `semester`;
/*!40101 SET @saved_cs_client     = @@character_set_client */;
/*!50503 SET character_set_client = utf8mb4 */;
CREATE TABLE `semester` (
  `id` int(11) NOT NULL AUTO_INCREMENT,
  `year` int(11) NOT NULL,
  `sem` int(1) NOT NULL,
  `start_date` date NOT NULL,
  `end_date` date NOT NULL,
  `week_num` int(11) NOT NULL,
  PRIMARY KEY (`id`)
) ENGINE=InnoDB AUTO_INCREMENT=3 DEFAULT CHARSET=utf8;
/*!40101 SET character_set_client = @saved_cs_client */;

--
-- Dumping data for table `semester`
--

LOCK TABLES `semester` WRITE;
/*!40000 ALTER TABLE `semester` DISABLE KEYS */;
INSERT INTO `semester` VALUES (1,2020,1,'2020-03-16','2020-07-03',15),(2,2019,2,'2019-08-26','2019-12-19',16);
/*!40000 ALTER TABLE `semester` ENABLE KEYS */;
UNLOCK TABLES;

--
-- Table structure for table `student`
--

DROP TABLE IF EXISTS `student`;
/*!40101 SET @saved_cs_client     = @@character_set_client */;
/*!50503 SET character_set_client = utf8mb4 */;
CREATE TABLE `student` (
  `id` int(11) NOT NULL AUTO_INCREMENT,
  `stu_num` varchar(50) NOT NULL COMMENT '학번',
  `password` varchar(500) NOT NULL DEFAULT '1111' COMMENT '비밀번호',
  `name` varchar(50) CHARACTER SET utf8mb4 COLLATE utf8mb4_0900_ai_ci NOT NULL COMMENT '이름',
  `dept_name` varchar(50) DEFAULT NULL COMMENT '학과이름',
  `year` int(11) NOT NULL COMMENT '학년',
  PRIMARY KEY (`id`)
) ENGINE=InnoDB AUTO_INCREMENT=258 DEFAULT CHARSET=utf8;
/*!40101 SET character_set_client = @saved_cs_client */;

--
-- Dumping data for table `student`
--

LOCK TABLES `student` WRITE;
/*!40000 ALTER TABLE `student` DISABLE KEYS */;
INSERT INTO `student` VALUES (1,'201632001','1111','고은별','소프트웨어공학과',3),(2,'201632002','1111','고정희','소프트웨어공학과',3),(4,'200032004','1111','곽재구','국어국문학',2),(5,'200032005','1111','기형도','국어국문학',1),(6,'200032006','1111','김경호','국어국문학',2),(7,'200032007','1111','김관식','국어국문학',1),(8,'200032008','1111','김광균','국어국문학',1),(9,'200032009','1111','김광섭','국어국문학',2),(10,'200032010','1111','김기린','국어국문학',2),(11,'200032011','1111','김기만','국어국문학',2),(12,'200032012','1111','김남조','국어국문학',2),(13,'200032013','1111','김동명','국어국문학',2),(14,'200032014','1111','김동환','국어국문학',2),(15,'200032015','1111','김미선','국어국문학',2),(16,'200032016','1111','김상용','국어국문학',3),(17,'200032017','1111','김소엽','국어국문학',3),(18,'200032018','1111','김소월','국어국문학',3),(19,'200032019','1111','김수영','국어국문학',3),(20,'200032020','1111','김억','국어국문학',3),(21,'200032021','1111','김여정','국어국문학',3),(22,'200032022','1111','김영랑','국어국문학',3),(23,'200032023','1111','김영승','국어국문학',3),(24,'200032024','1111','김영주','국어국문학',3),(25,'200032025','1111','김영현','국어국문학',3),(26,'200032026','1111','김용택','국어국문학',1),(27,'200032027','1111','김윤미','국어국문학',3),(28,'200032028','1111','김일곤','국어국문학',1),(29,'200032029','1111','김정환','국어국문학',1),(30,'200032030','1111','김조화','국어국문학',3),(31,'200132001','1111','김종삼','국어국문학',1),(32,'200132002','1111','김지하','국어국문학',3),(33,'200132003','1111','김초혜','국어국문학',2),(34,'200132004','1111','김춘수','국어국문학',2),(35,'200132006','1111','김혜기','국어국문학',2),(36,'200132007','1111','김홍숙','국어국문학',2),(37,'200132008','1111','김희','국어국문학',3),(38,'200132009','1111','나태주','국어국문학',3),(39,'200132010','1111','나해철','국어국문학',1),(40,'200132011','1111','나혁채','국어국문학',1),(41,'200132012','1111','노천명','국어국문학',1),(42,'200132013','1111','도종환','국어국문학',3),(43,'200132014','1111','류경우','국어국문학',1),(44,'200132015','1111','류소진','국어국문학',1),(45,'200132016','1111','류시화','국어국문학',3),(46,'200132017','1111','류정숙','국어국문학',3),(47,'200132018','1111','마광수','국어국문학',3),(48,'200132019','1111','마종기','국어국문학',3),(49,'200532014','1111','홍길동','국어국문학',3),(50,'200032001','1111','고은','영어영문학',2),(51,'200132005','1111','김현승','영어영문학',2),(52,'200132020','1111','모윤숙','영어영문학',1),(53,'200132021','1111','문병란','영어영문학',1),(54,'200132022','1111','문부식','영어영문학',1),(55,'200132023','1111','민초희','영어영문학',2),(56,'200132024','1111','박공배','영어영문학',1),(57,'200132025','1111','박기남','영어영문학',2),(58,'200132026','1111','박노해','영어영문학',2),(59,'200132027','1111','박렬','영어영문학',2),(60,'200132028','1111','박목월','영어영문학',2),(61,'200132029','1111','박성룡','영어영문학',2),(62,'200132030','1111','박영남','영어영문학',2),(63,'200232001','1111','박용래','영어영문학',2),(64,'200232002','1111','박용재','영어영문학',2),(65,'200232003','1111','박용주','영어영문학',2),(66,'200232004','1111','박용철','영어영문학',2),(67,'200232005','1111','박인환','영어영문학',3),(68,'200232006','1111','박재삼','영어영문학',3),(69,'200232007','1111','박정하','영어영문학',3),(70,'200232008','1111','박진환','영어영문학',3),(71,'200232009','1111','박흥준','영어영문학',3),(72,'200232010','1111','박희진','영어영문학',1),(73,'200232011','1111','백무산','영어영문학',3),(74,'200232012','1111','변영로','영어영문학',1),(75,'200232013','1111','복효근','영어영문학',1),(76,'200232014','1111','서안나','영어영문학',1),(77,'200232015','1111','서정윤','영어영문학',1),(78,'200232016','1111','서정주','영어영문학',3),(79,'200232017','1111','성지희','영어영문학',1),(80,'200232018','1111','손종일','영어영문학',1),(81,'200232019','1111','송근영','영어영문학',3),(82,'200232020','1111','송기원','영어영문학',3),(83,'200232021','1111','송명','영어영문학',3),(84,'200232022','1111','송명호','영어영문학',3),(85,'200232023','1111','송종철','영어영문학',3),(86,'200232024','1111','신경림','영어영문학',1),(87,'200232025','1111','신달자','영어영문학',1),(88,'200232026','1111','신대철','영어영문학',3),(89,'200232027','1111','신동엽','영어영문학',1),(90,'200232028','1111','신동춘','영어영문학',1),(91,'200232029','1111','신석정','영어영문학',1),(92,'200232030','1111','신재순','영어영문학',1),(93,'200332001','1111','신진호','영어영문학',1),(94,'200332002','1111','신효정','영어영문학',1),(95,'200332003','1111','심훈','영어영문학',1),(96,'200332004','1111','안도현','영어영문학',1),(97,'200332005','1111','안상학','영어영문학',1),(98,'200332006','1111','엄원태','영어영문학',3),(99,'200332007','1111','여경희','영어영문학',3),(100,'200332008','1111','오세영','영어영문학',3),(101,'200332009','1111','오순화','영어영문학',2),(102,'200532013','1111','강감찬','영어영문학',1),(104,'200332010','1111','유병옥','불어불문학',2),(105,'200332011','1111','유안진','불어불문학',2),(106,'200332012','1111','유치환','불어불문학',2),(107,'200332013','1111','유하','불어불문학',2),(108,'200332014','1111','유환숙','불어불문학',2),(109,'200332015','1111','윤동주','불어불문학',2),(110,'200332016','1111','이강원','불어불문학',2),(111,'200332017','1111','이경아','불어불문학',2),(112,'200332018','1111','이규경','불어불문학',2),(113,'200332019','1111','이규호','불어불문학',1),(114,'200332020','1111','이동식','불어불문학',1),(115,'200332021','1111','이문제','불어불문학',1),(116,'200332022','1111','이병기','불어불문학',1),(117,'200332023','1111','이병우','불어불문학',3),(118,'200332024','1111','이상','불어불문학',3),(119,'200332025','1111','이상화','불어불문학',3),(120,'200332026','1111','이생진','불어불문학',3),(121,'200332027','1111','이성복','불어불문학',3),(122,'200332028','1111','이세룡','불어불문학',3),(123,'200332029','1111','이수익','불어불문학',3),(124,'200332030','1111','이시영','불어불문학',3),(125,'200432001','1111','이연주','불어불문학',3),(126,'200432002','1111','이영도','불어불문학',2),(127,'200432003','1111','이외수','불어불문학',2),(128,'200432004','1111','이육사','불어불문학',2),(129,'200432005','1111','이은상','불어불문학',2),(130,'200432006','1111','이정하','불어불문학',2),(131,'200432007','1111','이해인','불어불문학',2),(132,'200432008','1111','이형기','불어불문학',3),(133,'200432009','1111','임신행','불어불문학',2),(134,'200432010','1111','임영봉','불어불문학',2),(135,'200432011','1111','장달식','불어불문학',3),(136,'200432012','1111','장만영','불어불문학',3),(137,'200432013','1111','장서언','불어불문학',3),(138,'200432014','1111','장석남','불어불문학',3),(139,'200432015','1111','장정일','불어불문학',3),(140,'200432016','1111','정기석','불어불문학',3),(141,'200432017','1111','정두리','불어불문학',3),(142,'200432018','1111','정민기','불어불문학',3),(143,'200432019','1111','정세훈','불어불문학',1),(144,'200432020','1111','정유정','불어불문학',1),(145,'200432021','1111','정현종','불어불문학',1),(146,'200432022','1111','정호승','불어불문학',1),(147,'200432023','1111','조동진','불어불문학',1),(148,'200432024','1111','조병화','불어불문학',1),(149,'200432025','1111','조정권','불어불문학',1),(150,'200432026','1111','조지훈','불어불문학',1),(151,'200432027','1111','주요한','불어불문학',1),(152,'200432028','1111','천상병','불어불문학',1),(153,'200432029','1111','천승세','불어불문학',1),(154,'200432030','1111','최복현','불어불문학',3),(155,'200532001','1111','최영미','불어불문학',3),(156,'200532002','1111','최예선','불어불문학',2),(157,'200532003','1111','최은하','불어불문학',2),(158,'200532004','1111','한계섭','불어불문학',2),(159,'200532005','1111','한용운','불어불문학',3),(160,'200532006','1111','한하운','불어불문학',3),(161,'200532007','1111','함석헌','불어불문학',1),(162,'200532008','1111','황금찬','불어불문학',1),(163,'200532009','1111','황동규','불어불문학',1),(164,'200532010','1111','황석우','불어불문학',1),(165,'200532011','1111','황인숙','불어불문학',1),(166,'200532012','1111','황지하','불어불문학',1),(167,'201732033','1111','정은애','소프트웨어공학과',4);
/*!40000 ALTER TABLE `student` ENABLE KEYS */;
UNLOCK TABLES;

--
-- Table structure for table `time`
--

DROP TABLE IF EXISTS `time`;
/*!40101 SET @saved_cs_client     = @@character_set_client */;
/*!50503 SET character_set_client = utf8mb4 */;
CREATE TABLE `time` (
  `id` int(11) NOT NULL AUTO_INCREMENT,
  `cour_id` int(11) NOT NULL,
  `start_date` date NOT NULL,
  `start_time` time NOT NULL,
  `end_time` time NOT NULL,
  `day_of_week` int(1) NOT NULL,
  PRIMARY KEY (`id`),
  KEY `fk_time_course1_idx` (`cour_id`),
  CONSTRAINT `fk_time_course1` FOREIGN KEY (`cour_id`) REFERENCES `course` (`id`)
) ENGINE=InnoDB AUTO_INCREMENT=12 DEFAULT CHARSET=utf8;
/*!40101 SET character_set_client = @saved_cs_client */;

--
-- Dumping data for table `time`
--

LOCK TABLES `time` WRITE;
/*!40000 ALTER TABLE `time` DISABLE KEYS */;
INSERT INTO `time` VALUES (1,3,'2020-03-16','09:00:00','11:50:00',1),(2,4,'2020-03-18','09:00:00','11:50:00',3),(3,5,'2020-03-16','12:00:00','13:15:00',1),(4,5,'2020-03-18','12:00:00','13:15:00',3),(5,6,'2020-03-17','12:00:00','14:50:00',2),(6,6,'2020-03-17','18:25:00','21:10:00',2),(7,7,'2019-08-28','09:00:00','11:50:00',3),(8,8,'2020-03-19','09:00:00','11:50:00',4),(9,9,'2020-03-20','13:00:00','14:50:00',5),(10,10,'2020-03-17','15:00:00','16:15:00',2),(11,10,'2020-03-19','15:00:00','16:15:00',4);
/*!40000 ALTER TABLE `time` ENABLE KEYS */;
UNLOCK TABLES;
/*!40103 SET TIME_ZONE=@OLD_TIME_ZONE */;

/*!40101 SET SQL_MODE=@OLD_SQL_MODE */;
/*!40014 SET FOREIGN_KEY_CHECKS=@OLD_FOREIGN_KEY_CHECKS */;
/*!40014 SET UNIQUE_CHECKS=@OLD_UNIQUE_CHECKS */;
/*!40101 SET CHARACTER_SET_CLIENT=@OLD_CHARACTER_SET_CLIENT */;
/*!40101 SET CHARACTER_SET_RESULTS=@OLD_CHARACTER_SET_RESULTS */;
/*!40101 SET COLLATION_CONNECTION=@OLD_COLLATION_CONNECTION */;
/*!40111 SET SQL_NOTES=@OLD_SQL_NOTES */;

-- Dump completed on 2020-04-15 19:55:03
