CREATE DATABASE  IF NOT EXISTS `qrcheck` /*!40100 DEFAULT CHARACTER SET utf8 */ /*!80016 DEFAULT ENCRYPTION='N' */;
USE `qrcheck`;
-- MySQL dump 10.13  Distrib 8.0.17, for Win64 (x86_64)
--
-- Host: localhost    Database: qrcheck
-- ------------------------------------------------------
-- Server version	8.0.17

/*!40101 SET @OLD_CHARACTER_SET_CLIENT=@@CHARACTER_SET_CLIENT */;
/*!40101 SET @OLD_CHARACTER_SET_RESULTS=@@CHARACTER_SET_RESULTS */;
/*!40101 SET @OLD_COLLATION_CONNECTION=@@COLLATION_CONNECTION */;
/*!50503 SET NAMES utf8 */;
/*!40103 SET @OLD_TIME_ZONE=@@TIME_ZONE */;
/*!40103 SET TIME_ZONE='+00:00' */;
/*!40014 SET @OLD_UNIQUE_CHECKS=@@UNIQUE_CHECKS, UNIQUE_CHECKS=0 */;
/*!40014 SET @OLD_FOREIGN_KEY_CHECKS=@@FOREIGN_KEY_CHECKS, FOREIGN_KEY_CHECKS=0 */;
/*!40101 SET @OLD_SQL_MODE=@@SQL_MODE, SQL_MODE='NO_AUTO_VALUE_ON_ZERO' */;
/*!40111 SET @OLD_SQL_NOTES=@@SQL_NOTES, SQL_NOTES=0 */;

--
-- Table structure for table `admin`
--

DROP TABLE IF EXISTS `admin`;
/*!40101 SET @saved_cs_client     = @@character_set_client */;
/*!50503 SET character_set_client = utf8mb4 */;
CREATE TABLE `admin` (
  `id` int(11) NOT NULL AUTO_INCREMENT,
  `admin_num` varchar(50) NOT NULL,
  `password` varchar(500) NOT NULL,
  `sem_id` int(11) NOT NULL,
  PRIMARY KEY (`id`),
  KEY `fk_admin_semester1_idx` (`sem_id`),
  CONSTRAINT `fk_admin_semester1` FOREIGN KEY (`sem_id`) REFERENCES `semester` (`id`)
) ENGINE=InnoDB AUTO_INCREMENT=2 DEFAULT CHARSET=utf8;
/*!40101 SET character_set_client = @saved_cs_client */;

--
-- Dumping data for table `admin`
--

LOCK TABLES `admin` WRITE;
/*!40000 ALTER TABLE `admin` DISABLE KEYS */;
INSERT INTO `admin` VALUES (1,'111','1234',1);
/*!40000 ALTER TABLE `admin` ENABLE KEYS */;
UNLOCK TABLES;

--
-- Table structure for table `attendance`
--

DROP TABLE IF EXISTS `attendance`;
/*!40101 SET @saved_cs_client     = @@character_set_client */;
/*!50503 SET character_set_client = utf8mb4 */;
CREATE TABLE `attendance` (
  `id` int(100) NOT NULL AUTO_INCREMENT,
  `regi_id` int(11) NOT NULL,
  `num` int(11) NOT NULL COMMENT '회차',
  `state` int(1) NOT NULL,
  PRIMARY KEY (`id`),
  KEY `fk_check_registration2` (`regi_id`),
  CONSTRAINT `fk_check_registration2` FOREIGN KEY (`regi_id`) REFERENCES `registration` (`id`)
) ENGINE=InnoDB AUTO_INCREMENT=3196 DEFAULT CHARSET=utf8;
/*!40101 SET character_set_client = @saved_cs_client */;

--
-- Dumping data for table `attendance`
--

LOCK TABLES `attendance` WRITE;
/*!40000 ALTER TABLE `attendance` DISABLE KEYS */;
INSERT INTO `attendance` VALUES (1,1,1,1),(2,1,2,2),(3,1,3,1),(4,1,4,2),(5,1,5,0),(6,1,6,0),(7,1,7,0),(8,1,8,0),(9,1,9,0),(10,1,10,0),(11,1,11,0),(12,1,12,0),(13,1,13,0),(14,1,14,0),(15,1,15,0),(16,2,1,1),(17,2,2,0),(18,2,3,0),(19,2,4,0),(20,2,5,0),(21,2,6,0),(22,2,7,0),(23,2,8,0),(24,2,9,0),(25,2,10,0),(26,2,11,0),(27,2,12,0),(28,2,13,0),(29,2,14,0),(30,2,15,0),(31,2,1,0),(32,2,2,0),(33,2,3,0),(34,2,4,0),(35,2,5,0),(36,2,6,0),(37,2,7,0),(38,2,8,0),(39,2,9,0),(40,2,10,0),(41,2,11,0),(42,2,12,0),(43,2,13,0),(44,2,14,0),(45,2,15,0),(46,2,1,0),(47,2,2,0),(48,2,3,0),(49,2,4,0),(50,2,5,0),(51,2,6,0),(52,2,7,0),(53,2,8,0),(54,2,9,0),(55,2,10,0),(56,2,11,0),(57,2,12,0),(58,2,13,0),(59,2,14,0),(60,2,15,0),(61,2,1,0),(62,2,2,0),(63,2,3,0),(64,2,4,0),(65,2,5,0),(66,2,6,0),(67,2,7,0),(68,2,8,0),(69,2,9,0),(70,2,10,0),(71,2,11,0),(72,2,12,0),(73,2,13,0),(74,2,14,0),(75,2,15,0),(76,2,1,0),(77,2,2,0),(78,2,3,0),(79,2,4,0),(80,2,5,0),(81,2,6,0),(82,2,7,0),(83,2,8,0),(84,2,9,0),(85,2,10,0),(86,2,11,0),(87,2,12,0),(88,2,13,0),(89,2,14,0),(90,2,15,0),(91,2,1,0),(92,2,2,0),(93,2,3,0),(94,2,4,0),(95,2,5,0),(96,2,6,0),(97,2,7,0),(98,2,8,0),(99,2,9,0),(100,2,10,0),(101,2,11,0),(102,2,12,0),(103,2,13,0),(104,2,14,0),(105,2,15,0),(106,2,1,0),(107,2,2,0),(108,2,3,0),(109,2,4,0),(110,2,5,0),(111,2,6,0),(112,2,7,0),(113,2,8,0),(114,2,9,0),(115,2,10,0),(116,2,11,0),(117,2,12,0),(118,2,13,0),(119,2,14,0),(120,2,15,0),(121,2,1,0),(122,2,2,0),(123,2,3,0),(124,2,4,0),(125,2,5,0),(126,2,6,0),(127,2,7,0),(128,2,8,0),(129,2,9,0),(130,2,10,0),(131,2,11,0),(132,2,12,0),(133,2,13,0),(134,2,14,0),(135,2,15,0),(136,2,1,0),(137,2,2,0),(138,2,3,0),(139,2,4,0),(140,2,5,0),(141,2,6,0),(142,2,7,0),(143,2,8,0),(144,2,9,0),(145,2,10,0),(146,2,11,0),(147,2,12,0),(148,2,13,0),(149,2,14,0),(150,2,15,0),(151,2,1,0),(152,2,2,0),(153,2,3,0),(154,2,4,0),(155,2,5,0),(156,2,6,0),(157,2,7,0),(158,2,8,0),(159,2,9,0),(160,2,10,0),(161,2,11,0),(162,2,12,0),(163,2,13,0),(164,2,14,0),(165,2,15,0),(166,2,1,0),(167,2,2,0),(168,2,3,0),(169,2,4,0),(170,2,5,0),(171,2,6,0),(172,2,7,0),(173,2,8,0),(174,2,9,0),(175,2,10,0),(176,2,11,0),(177,2,12,0),(178,2,13,0),(179,2,14,0),(180,2,15,0),(181,2,1,0),(182,2,2,0),(183,2,3,0),(184,2,4,0),(185,2,5,0),(186,2,6,0),(187,2,7,0),(188,2,8,0),(189,2,9,0),(190,2,10,0),(191,2,11,0),(192,2,12,0),(193,2,13,0),(194,2,14,0),(195,2,15,0),(196,2,1,0),(197,2,2,0),(198,2,3,0),(199,2,4,0),(200,2,5,0),(201,2,6,0),(202,2,7,0),(203,2,8,0),(204,2,9,0),(205,2,10,0),(206,2,11,0),(207,2,12,0),(208,2,13,0),(209,2,14,0),(210,2,15,0),(211,2,1,0),(212,2,2,0),(213,2,3,0),(214,2,4,0),(215,2,5,0),(216,2,6,0),(217,2,7,0),(218,2,8,0),(219,2,9,0),(220,2,10,0),(221,2,11,0),(222,2,12,0),(223,2,13,0),(224,2,14,0),(225,2,15,0),(226,2,1,0),(227,2,2,0),(228,2,3,0),(229,2,4,0),(230,2,5,0),(231,2,6,0),(232,2,7,0),(233,2,8,0),(234,2,9,0),(235,2,10,0),(236,2,11,0),(237,2,12,0),(238,2,13,0),(239,2,14,0),(240,2,15,0),(241,2,1,0),(242,2,2,0),(243,2,3,0),(244,2,4,0),(245,2,5,0),(246,2,6,0),(247,2,7,0),(248,2,8,0),(249,2,9,0),(250,2,10,0),(251,2,11,0),(252,2,12,0),(253,2,13,0),(254,2,14,0),(255,2,15,0),(256,2,1,0),(257,2,2,0),(258,2,3,0),(259,2,4,0),(260,2,5,0),(261,2,6,0),(262,2,7,0),(263,2,8,0),(264,2,9,0),(265,2,10,0),(266,2,11,0),(267,2,12,0),(268,2,13,0),(269,2,14,0),(270,2,15,0),(271,2,1,0),(272,2,2,0),(273,2,3,0),(274,2,4,0),(275,2,5,0),(276,2,6,0),(277,2,7,0),(278,2,8,0),(279,2,9,0),(280,2,10,0),(281,2,11,0),(282,2,12,0),(283,2,13,0),(284,2,14,0),(285,2,15,0),(286,2,1,0),(287,2,2,0),(288,2,3,0),(289,2,4,0),(290,2,5,0),(291,2,6,0),(292,2,7,0),(293,2,8,0),(294,2,9,0),(295,2,10,0),(296,2,11,0),(297,2,12,0),(298,2,13,0),(299,2,14,0),(300,2,15,0),(301,2,1,0),(302,2,2,0),(303,2,3,0),(304,2,4,0),(305,2,5,0),(306,2,6,0),(307,2,7,0),(308,2,8,0),(309,2,9,0),(310,2,10,0),(311,2,11,0),(312,2,12,0),(313,2,13,0),(314,2,14,0),(315,2,15,0),(316,2,1,0),(317,2,2,0),(318,2,3,0),(319,2,4,0),(320,2,5,0),(321,2,6,0),(322,2,7,0),(323,2,8,0),(324,2,9,0),(325,2,10,0),(326,2,11,0),(327,2,12,0),(328,2,13,0),(329,2,14,0),(330,2,15,0),(331,2,1,0),(332,2,2,0),(333,2,3,0),(334,2,4,0),(335,2,5,0),(336,2,6,0),(337,2,7,0),(338,2,8,0),(339,2,9,0),(340,2,10,0),(341,2,11,0),(342,2,12,0),(343,2,13,0),(344,2,14,0),(345,2,15,0),(346,2,1,0),(347,2,2,0),(348,2,3,0),(349,2,4,0),(350,2,5,0),(351,2,6,0),(352,2,7,0),(353,2,8,0),(354,2,9,0),(355,2,10,0),(356,2,11,0),(357,2,12,0),(358,2,13,0),(359,2,14,0),(360,2,15,0),(361,2,1,0),(362,2,2,0),(363,2,3,0),(364,2,4,0),(365,2,5,0),(366,2,6,0),(367,2,7,0),(368,2,8,0),(369,2,9,0),(370,2,10,0),(371,2,11,0),(372,2,12,0),(373,2,13,0),(374,2,14,0),(375,2,15,0),(376,2,1,0),(377,2,2,0),(378,2,3,0),(379,2,4,0),(380,2,5,0),(381,2,6,0),(382,2,7,0),(383,2,8,0),(384,2,9,0),(385,2,10,0),(386,2,11,0),(387,2,12,0),(388,2,13,0),(389,2,14,0),(390,2,15,0),(391,2,1,0),(392,2,2,0),(393,2,3,0),(394,2,4,0),(395,2,5,0),(396,2,6,0),(397,2,7,0),(398,2,8,0),(399,2,9,0),(400,2,10,0),(401,2,11,0),(402,2,12,0),(403,2,13,0),(404,2,14,0),(405,2,15,0),(406,2,1,0),(407,2,2,0),(408,2,3,0),(409,2,4,0),(410,2,5,0),(411,2,6,0),(412,2,7,0),(413,2,8,0),(414,2,9,0),(415,2,10,0),(416,2,11,0),(417,2,12,0),(418,2,13,0),(419,2,14,0),(420,2,15,0),(421,2,1,0),(422,2,2,0),(423,2,3,0),(424,2,4,0),(425,2,5,0),(426,2,6,0),(427,2,7,0),(428,2,8,0),(429,2,9,0),(430,2,10,0),(431,2,11,0),(432,2,12,0),(433,2,13,0),(434,2,14,0),(435,2,15,0),(436,2,1,0),(437,2,2,0),(438,2,3,0),(439,2,4,0),(440,2,5,0),(441,2,6,0),(442,2,7,0),(443,2,8,0),(444,2,9,0),(445,2,10,0),(446,2,11,0),(447,2,12,0),(448,2,13,0),(449,2,14,0),(450,2,15,0),(451,2,1,0),(452,2,2,0),(453,2,3,0),(454,2,4,0),(455,2,5,0),(456,2,6,0),(457,2,7,0),(458,2,8,0),(459,2,9,0),(460,2,10,0),(461,2,11,0),(462,2,12,0),(463,2,13,0),(464,2,14,0),(465,2,15,0),(466,2,1,0),(467,2,2,0),(468,2,3,0),(469,2,4,0),(470,2,5,0),(471,2,6,0),(472,2,7,0),(473,2,8,0),(474,2,9,0),(475,2,10,0),(476,2,11,0),(477,2,12,0),(478,2,13,0),(479,2,14,0),(480,2,15,0),(481,2,1,0),(482,2,2,0),(483,2,3,0),(484,2,4,0),(485,2,5,0),(486,2,6,0),(487,2,7,0),(488,2,8,0),(489,2,9,0),(490,2,10,0),(491,2,11,0),(492,2,12,0),(493,2,13,0),(494,2,14,0),(495,2,15,0),(496,2,1,0),(497,2,2,0),(498,2,3,0),(499,2,4,0),(500,2,5,0),(501,2,6,0),(502,2,7,0),(503,2,8,0),(504,2,9,0),(505,2,10,0),(506,2,11,0),(507,2,12,0),(508,2,13,0),(509,2,14,0),(510,2,15,0),(511,2,1,0),(512,2,2,0),(513,2,3,0),(514,2,4,0),(515,2,5,0),(516,2,6,0),(517,2,7,0),(518,2,8,0),(519,2,9,0),(520,2,10,0),(521,2,11,0),(522,2,12,0),(523,2,13,0),(524,2,14,0),(525,2,15,0),(526,2,1,0),(527,2,2,0),(528,2,3,0),(529,2,4,0),(530,2,5,0),(531,2,6,0),(532,2,7,0),(533,2,8,0),(534,2,9,0),(535,2,10,0),(536,2,11,0),(537,2,12,0),(538,2,13,0),(539,2,14,0),(540,2,15,0),(541,2,1,0),(542,2,2,0),(543,2,3,0),(544,2,4,0),(545,2,5,0),(546,2,6,0),(547,2,7,0),(548,2,8,0),(549,2,9,0),(550,2,10,0),(551,2,11,0),(552,2,12,0),(553,2,13,0),(554,2,14,0),(555,2,15,0),(556,2,1,0),(557,2,2,0),(558,2,3,0),(559,2,4,0),(560,2,5,0),(561,2,6,0),(562,2,7,0),(563,2,8,0),(564,2,9,0),(565,2,10,0),(566,2,11,0),(567,2,12,0),(568,2,13,0),(569,2,14,0),(570,2,15,0),(571,2,1,0),(572,2,2,0),(573,2,3,0),(574,2,4,0),(575,2,5,0),(576,2,6,0),(577,2,7,0),(578,2,8,0),(579,2,9,0),(580,2,10,0),(581,2,11,0),(582,2,12,0),(583,2,13,0),(584,2,14,0),(585,2,15,0),(586,2,1,0),(587,2,2,0),(588,2,3,0),(589,2,4,0),(590,2,5,0),(591,2,6,0),(592,2,7,0),(593,2,8,0),(594,2,9,0),(595,2,10,0),(596,2,11,0),(597,2,12,0),(598,2,13,0),(599,2,14,0),(600,2,15,0),(601,2,1,0),(602,2,2,0),(603,2,3,0),(604,2,4,0),(605,2,5,0),(606,2,6,0),(607,2,7,0),(608,2,8,0),(609,2,9,0),(610,2,10,0),(611,2,11,0),(612,2,12,0),(613,2,13,0),(614,2,14,0),(615,2,15,0),(616,2,1,0),(617,2,2,0),(618,2,3,0),(619,2,4,0),(620,2,5,0),(621,2,6,0),(622,2,7,0),(623,2,8,0),(624,2,9,0),(625,2,10,0),(626,2,11,0),(627,2,12,0),(628,2,13,0),(629,2,14,0),(630,2,15,0),(631,2,1,0),(632,2,2,0),(633,2,3,0),(634,2,4,0),(635,2,5,0),(636,2,6,0),(637,2,7,0),(638,2,8,0),(639,2,9,0),(640,2,10,0),(641,2,11,0),(642,2,12,0),(643,2,13,0),(644,2,14,0),(645,2,15,0),(646,2,1,0),(647,2,2,0),(648,2,3,0),(649,2,4,0),(650,2,5,0),(651,2,6,0),(652,2,7,0),(653,2,8,0),(654,2,9,0),(655,2,10,0),(656,2,11,0),(657,2,12,0),(658,2,13,0),(659,2,14,0),(660,2,15,0),(661,2,1,0),(662,2,2,0),(663,2,3,0),(664,2,4,0),(665,2,5,0),(666,2,6,0),(667,2,7,0),(668,2,8,0),(669,2,9,0),(670,2,10,0),(671,2,11,0),(672,2,12,0),(673,2,13,0),(674,2,14,0),(675,2,15,0),(676,2,1,0),(677,2,2,0),(678,2,3,0),(679,2,4,0),(680,2,5,0),(681,2,6,0),(682,2,7,0),(683,2,8,0),(684,2,9,0),(685,2,10,0),(686,2,11,0),(687,2,12,0),(688,2,13,0),(689,2,14,0),(690,2,15,0),(691,2,1,0),(692,2,2,0),(693,2,3,0),(694,2,4,0),(695,2,5,0),(696,2,6,0),(697,2,7,0),(698,2,8,0),(699,2,9,0),(700,2,10,0),(701,2,11,0),(702,2,12,0),(703,2,13,0),(704,2,14,0),(705,2,15,0),(706,2,1,0),(707,2,2,0),(708,2,3,0),(709,2,4,0),(710,2,5,0),(711,2,6,0),(712,2,7,0),(713,2,8,0),(714,2,9,0),(715,2,10,0),(716,2,11,0),(717,2,12,0),(718,2,13,0),(719,2,14,0),(720,2,15,0),(721,2,1,0),(722,2,2,0),(723,2,3,0),(724,2,4,0),(725,2,5,0),(726,2,6,0),(727,2,7,0),(728,2,8,0),(729,2,9,0),(730,2,10,0),(731,2,11,0),(732,2,12,0),(733,2,13,0),(734,2,14,0),(735,2,15,0),(736,2,1,0),(737,2,2,0),(738,2,3,0),(739,2,4,0),(740,2,5,0),(741,2,6,0),(742,2,7,0),(743,2,8,0),(744,2,9,0),(745,2,10,0),(746,2,11,0),(747,2,12,0),(748,2,13,0),(749,2,14,0),(750,2,15,0),(751,2,1,0),(752,2,2,0),(753,2,3,0),(754,2,4,0),(755,2,5,0),(756,2,6,0),(757,2,7,0),(758,2,8,0),(759,2,9,0),(760,2,10,0),(761,2,11,0),(762,2,12,0),(763,2,13,0),(764,2,14,0),(765,2,15,0),(766,2,1,0),(767,2,2,0),(768,2,3,0),(769,2,4,0),(770,2,5,0),(771,2,6,0),(772,2,7,0),(773,2,8,0),(774,2,9,0),(775,2,10,0),(776,2,11,0),(777,2,12,0),(778,2,13,0),(779,2,14,0),(780,2,15,0),(781,2,1,0),(782,2,2,0),(783,2,3,0),(784,2,4,0),(785,2,5,0),(786,2,6,0),(787,2,7,0),(788,2,8,0),(789,2,9,0),(790,2,10,0),(791,2,11,0),(792,2,12,0),(793,2,13,0),(794,2,14,0),(795,2,15,0),(796,2,1,0),(797,2,2,0),(798,2,3,0),(799,2,4,0),(800,2,5,0),(801,2,6,0),(802,2,7,0),(803,2,8,0),(804,2,9,0),(805,2,10,0),(806,2,11,0),(807,2,12,0),(808,2,13,0),(809,2,14,0),(810,2,15,0),(811,2,1,0),(812,2,2,0),(813,2,3,0),(814,2,4,0),(815,2,5,0),(816,2,6,0),(817,2,7,0),(818,2,8,0),(819,2,9,0),(820,2,10,0),(821,2,11,0),(822,2,12,0),(823,2,13,0),(824,2,14,0),(825,2,15,0),(826,2,1,0),(827,2,2,0),(828,2,3,0),(829,2,4,0),(830,2,5,0),(831,2,6,0),(832,2,7,0),(833,2,8,0),(834,2,9,0),(835,2,10,0),(836,2,11,0),(837,2,12,0),(838,2,13,0),(839,2,14,0),(840,2,15,0),(841,2,1,0),(842,2,2,0),(843,2,3,0),(844,2,4,0),(845,2,5,0),(846,2,6,0),(847,2,7,0),(848,2,8,0),(849,2,9,0),(850,2,10,0),(851,2,11,0),(852,2,12,0),(853,2,13,0),(854,2,14,0),(855,2,15,0),(856,2,1,0),(857,2,2,0),(858,2,3,0),(859,2,4,0),(860,2,5,0),(861,2,6,0),(862,2,7,0),(863,2,8,0),(864,2,9,0),(865,2,10,0),(866,2,11,0),(867,2,12,0),(868,2,13,0),(869,2,14,0),(870,2,15,0),(871,2,1,0),(872,2,2,0),(873,2,3,0),(874,2,4,0),(875,2,5,0),(876,2,6,0),(877,2,7,0),(878,2,8,0),(879,2,9,0),(880,2,10,0),(881,2,11,0),(882,2,12,0),(883,2,13,0),(884,2,14,0),(885,2,15,0),(886,2,1,0),(887,2,2,0),(888,2,3,0),(889,2,4,0),(890,2,5,0),(891,2,6,0),(892,2,7,0),(893,2,8,0),(894,2,9,0),(895,2,10,0),(896,2,11,0),(897,2,12,0),(898,2,13,0),(899,2,14,0),(900,2,15,0),(901,2,1,0),(902,2,2,0),(903,2,3,0),(904,2,4,0),(905,2,5,0),(906,2,6,0),(907,2,7,0),(908,2,8,0),(909,2,9,0),(910,2,10,0),(911,2,11,0),(912,2,12,0),(913,2,13,0),(914,2,14,0),(915,2,15,0),(916,2,1,0),(917,2,2,0),(918,2,3,0),(919,2,4,0),(920,2,5,0),(921,2,6,0),(922,2,7,0),(923,2,8,0),(924,2,9,0),(925,2,10,0),(926,2,11,0),(927,2,12,0),(928,2,13,0),(929,2,14,0),(930,2,15,0),(931,2,1,0),(932,2,2,0),(933,2,3,0),(934,2,4,0),(935,2,5,0),(936,2,6,0),(937,2,7,0),(938,2,8,0),(939,2,9,0),(940,2,10,0),(941,2,11,0),(942,2,12,0),(943,2,13,0),(944,2,14,0),(945,2,15,0),(946,2,1,0),(947,2,2,0),(948,2,3,0),(949,2,4,0),(950,2,5,0),(951,2,6,0),(952,2,7,0),(953,2,8,0),(954,2,9,0),(955,2,10,0),(956,2,11,0),(957,2,12,0),(958,2,13,0),(959,2,14,0),(960,2,15,0),(961,2,1,0),(962,2,2,0),(963,2,3,0),(964,2,4,0),(965,2,5,0),(966,2,6,0),(967,2,7,0),(968,2,8,0),(969,2,9,0),(970,2,10,0),(971,2,11,0),(972,2,12,0),(973,2,13,0),(974,2,14,0),(975,2,15,0),(976,2,1,0),(977,2,2,0),(978,2,3,0),(979,2,4,0),(980,2,5,0),(981,2,6,0),(982,2,7,0),(983,2,8,0),(984,2,9,0),(985,2,10,0),(986,2,11,0),(987,2,12,0),(988,2,13,0),(989,2,14,0),(990,2,15,0),(991,2,1,0),(992,2,2,0),(993,2,3,0),(994,2,4,0),(995,2,5,0),(996,2,6,0),(997,2,7,0),(998,2,8,0),(999,2,9,0),(1000,2,10,0),(1001,2,11,0),(1002,2,12,0),(1003,2,13,0),(1004,2,14,0),(1005,2,15,0),(1006,2,1,0),(1007,2,2,0),(1008,2,3,0),(1009,2,4,0),(1010,2,5,0),(1011,2,6,0),(1012,2,7,0),(1013,2,8,0),(1014,2,9,0),(1015,2,10,0),(1016,2,11,0),(1017,2,12,0),(1018,2,13,0),(1019,2,14,0),(1020,2,15,0),(1021,2,1,0),(1022,2,2,0),(1023,2,3,0),(1024,2,4,0),(1025,2,5,0),(1026,2,6,0),(1027,2,7,0),(1028,2,8,0),(1029,2,9,0),(1030,2,10,0),(1031,2,11,0),(1032,2,12,0),(1033,2,13,0),(1034,2,14,0),(1035,2,15,0),(1036,2,1,0),(1037,2,2,0),(1038,2,3,0),(1039,2,4,0),(1040,2,5,0),(1041,2,6,0),(1042,2,7,0),(1043,2,8,0),(1044,2,9,0),(1045,2,10,0),(1046,2,11,0),(1047,2,12,0),(1048,2,13,0),(1049,2,14,0),(1050,2,15,0),(1051,2,1,0),(1052,2,2,0),(1053,2,3,0),(1054,2,4,0),(1055,2,5,0),(1056,2,6,0),(1057,2,7,0),(1058,2,8,0),(1059,2,9,0),(1060,2,10,0),(1061,2,11,0),(1062,2,12,0),(1063,2,13,0),(1064,2,14,0),(1065,2,15,0),(1066,2,1,0),(1067,2,2,0),(1068,2,3,0),(1069,2,4,0),(1070,2,5,0),(1071,2,6,0),(1072,2,7,0),(1073,2,8,0),(1074,2,9,0),(1075,2,10,0),(1076,2,11,0),(1077,2,12,0),(1078,2,13,0),(1079,2,14,0),(1080,2,15,0),(1081,2,1,0),(1082,2,2,0),(1083,2,3,0),(1084,2,4,0),(1085,2,5,0),(1086,2,6,0),(1087,2,7,0),(1088,2,8,0),(1089,2,9,0),(1090,2,10,0),(1091,2,11,0),(1092,2,12,0),(1093,2,13,0),(1094,2,14,0),(1095,2,15,0),(1096,2,1,0),(1097,2,2,0),(1098,2,3,0),(1099,2,4,0),(1100,2,5,0),(1101,2,6,0),(1102,2,7,0),(1103,2,8,0),(1104,2,9,0),(1105,2,10,0),(1106,2,11,0),(1107,2,12,0),(1108,2,13,0),(1109,2,14,0),(1110,2,15,0),(1111,2,1,0),(1112,2,2,0),(1113,2,3,0),(1114,2,4,0),(1115,2,5,0),(1116,2,6,0),(1117,2,7,0),(1118,2,8,0),(1119,2,9,0),(1120,2,10,0),(1121,2,11,0),(1122,2,12,0),(1123,2,13,0),(1124,2,14,0),(1125,2,15,0),(1126,2,1,0),(1127,2,2,0),(1128,2,3,0),(1129,2,4,0),(1130,2,5,0),(1131,2,6,0),(1132,2,7,0),(1133,2,8,0),(1134,2,9,0),(1135,2,10,0),(1136,2,11,0),(1137,2,12,0),(1138,2,13,0),(1139,2,14,0),(1140,2,15,0),(1141,2,1,0),(1142,2,2,0),(1143,2,3,0),(1144,2,4,0),(1145,2,5,0),(1146,2,6,0),(1147,2,7,0),(1148,2,8,0),(1149,2,9,0),(1150,2,10,0),(1151,2,11,0),(1152,2,12,0),(1153,2,13,0),(1154,2,14,0),(1155,2,15,0),(1156,2,1,0),(1157,2,2,0),(1158,2,3,0),(1159,2,4,0),(1160,2,5,0),(1161,2,6,0),(1162,2,7,0),(1163,2,8,0),(1164,2,9,0),(1165,2,10,0),(1166,2,11,0),(1167,2,12,0),(1168,2,13,0),(1169,2,14,0),(1170,2,15,0),(1171,2,1,0),(1172,2,2,0),(1173,2,3,0),(1174,2,4,0),(1175,2,5,0),(1176,2,6,0),(1177,2,7,0),(1178,2,8,0),(1179,2,9,0),(1180,2,10,0),(1181,2,11,0),(1182,2,12,0),(1183,2,13,0),(1184,2,14,0),(1185,2,15,0),(1186,2,1,0),(1187,2,2,0),(1188,2,3,0),(1189,2,4,0),(1190,2,5,0),(1191,2,6,0),(1192,2,7,0),(1193,2,8,0),(1194,2,9,0),(1195,2,10,0),(1196,2,11,0),(1197,2,12,0),(1198,2,13,0),(1199,2,14,0),(1200,2,15,0),(1201,2,1,0),(1202,2,2,0),(1203,2,3,0),(1204,2,4,0),(1205,2,5,0),(1206,2,6,0),(1207,2,7,0),(1208,2,8,0),(1209,2,9,0),(1210,2,10,0),(1211,2,11,0),(1212,2,12,0),(1213,2,13,0),(1214,2,14,0),(1215,2,15,0),(1216,2,1,0),(1217,2,2,0),(1218,2,3,0),(1219,2,4,0),(1220,2,5,0),(1221,2,6,0),(1222,2,7,0),(1223,2,8,0),(1224,2,9,0),(1225,2,10,0),(1226,2,11,0),(1227,2,12,0),(1228,2,13,0),(1229,2,14,0),(1230,2,15,0),(1231,2,1,0),(1232,2,2,0),(1233,2,3,0),(1234,2,4,0),(1235,2,5,0),(1236,2,6,0),(1237,2,7,0),(1238,2,8,0),(1239,2,9,0),(1240,2,10,0),(1241,2,11,0),(1242,2,12,0),(1243,2,13,0),(1244,2,14,0),(1245,2,15,0),(1246,2,1,0),(1247,2,2,0),(1248,2,3,0),(1249,2,4,0),(1250,2,5,0),(1251,2,6,0),(1252,2,7,0),(1253,2,8,0),(1254,2,9,0),(1255,2,10,0),(1256,2,11,0),(1257,2,12,0),(1258,2,13,0),(1259,2,14,0),(1260,2,15,0),(1261,2,1,0),(1262,2,2,0),(1263,2,3,0),(1264,2,4,0),(1265,2,5,0),(1266,2,6,0),(1267,2,7,0),(1268,2,8,0),(1269,2,9,0),(1270,2,10,0),(1271,2,11,0),(1272,2,12,0),(1273,2,13,0),(1274,2,14,0),(1275,2,15,0),(1276,2,1,0),(1277,2,2,0),(1278,2,3,0),(1279,2,4,0),(1280,2,5,0),(1281,2,6,0),(1282,2,7,0),(1283,2,8,0),(1284,2,9,0),(1285,2,10,0),(1286,2,11,0),(1287,2,12,0),(1288,2,13,0),(1289,2,14,0),(1290,2,15,0),(1291,2,1,0),(1292,2,2,0),(1293,2,3,0),(1294,2,4,0),(1295,2,5,0),(1296,2,6,0),(1297,2,7,0),(1298,2,8,0),(1299,2,9,0),(1300,2,10,0),(1301,2,11,0),(1302,2,12,0),(1303,2,13,0),(1304,2,14,0),(1305,2,15,0),(1306,2,1,0),(1307,2,2,0),(1308,2,3,0),(1309,2,4,0),(1310,2,5,0),(1311,2,6,0),(1312,2,7,0),(1313,2,8,0),(1314,2,9,0),(1315,2,10,0),(1316,2,11,0),(1317,2,12,0),(1318,2,13,0),(1319,2,14,0),(1320,2,15,0),(1321,2,1,0),(1322,2,2,0),(1323,2,3,0),(1324,2,4,0),(1325,2,5,0),(1326,2,6,0),(1327,2,7,0),(1328,2,8,0),(1329,2,9,0),(1330,2,10,0),(1331,2,11,0),(1332,2,12,0),(1333,2,13,0),(1334,2,14,0),(1335,2,15,0),(1336,2,1,0),(1337,2,2,0),(1338,2,3,0),(1339,2,4,0),(1340,2,5,0),(1341,2,6,0),(1342,2,7,0),(1343,2,8,0),(1344,2,9,0),(1345,2,10,0),(1346,2,11,0),(1347,2,12,0),(1348,2,13,0),(1349,2,14,0),(1350,2,15,0),(1351,2,1,0),(1352,2,2,0),(1353,2,3,0),(1354,2,4,0),(1355,2,5,0),(1356,2,6,0),(1357,2,7,0),(1358,2,8,0),(1359,2,9,0),(1360,2,10,0),(1361,2,11,0),(1362,2,12,0),(1363,2,13,0),(1364,2,14,0),(1365,2,15,0),(1366,2,1,0),(1367,2,2,0),(1368,2,3,0),(1369,2,4,0),(1370,2,5,0),(1371,2,6,0),(1372,2,7,0),(1373,2,8,0),(1374,2,9,0),(1375,2,10,0),(1376,2,11,0),(1377,2,12,0),(1378,2,13,0),(1379,2,14,0),(1380,2,15,0),(1381,2,1,0),(1382,2,2,0),(1383,2,3,0),(1384,2,4,0),(1385,2,5,0),(1386,2,6,0),(1387,2,7,0),(1388,2,8,0),(1389,2,9,0),(1390,2,10,0),(1391,2,11,0),(1392,2,12,0),(1393,2,13,0),(1394,2,14,0),(1395,2,15,0),(1396,2,1,0),(1397,2,2,0),(1398,2,3,0),(1399,2,4,0),(1400,2,5,0),(1401,2,6,0),(1402,2,7,0),(1403,2,8,0),(1404,2,9,0),(1405,2,10,0),(1406,2,11,0),(1407,2,12,0),(1408,2,13,0),(1409,2,14,0),(1410,2,15,0),(1411,2,1,0),(1412,2,2,0),(1413,2,3,0),(1414,2,4,0),(1415,2,5,0),(1416,2,6,0),(1417,2,7,0),(1418,2,8,0),(1419,2,9,0),(1420,2,10,0),(1421,2,11,0),(1422,2,12,0),(1423,2,13,0),(1424,2,14,0),(1425,2,15,0),(1426,2,1,0),(1427,2,2,0),(1428,2,3,0),(1429,2,4,0),(1430,2,5,0),(1431,2,6,0),(1432,2,7,0),(1433,2,8,0),(1434,2,9,0),(1435,2,10,0),(1436,2,11,0),(1437,2,12,0),(1438,2,13,0),(1439,2,14,0),(1440,2,15,0),(1441,2,1,0),(1442,2,2,0),(1443,2,3,0),(1444,2,4,0),(1445,2,5,0),(1446,2,6,0),(1447,2,7,0),(1448,2,8,0),(1449,2,9,0),(1450,2,10,0),(1451,2,11,0),(1452,2,12,0),(1453,2,13,0),(1454,2,14,0),(1455,2,15,0),(1456,2,1,0),(1457,2,2,0),(1458,2,3,0),(1459,2,4,0),(1460,2,5,0),(1461,2,6,0),(1462,2,7,0),(1463,2,8,0),(1464,2,9,0),(1465,2,10,0),(1466,2,11,0),(1467,2,12,0),(1468,2,13,0),(1469,2,14,0),(1470,2,15,0),(1471,2,1,0),(1472,2,2,0),(1473,2,3,0),(1474,2,4,0),(1475,2,5,0),(1476,2,6,0),(1477,2,7,0),(1478,2,8,0),(1479,2,9,0),(1480,2,10,0),(1481,2,11,0),(1482,2,12,0),(1483,2,13,0),(1484,2,14,0),(1485,2,15,0),(1486,2,1,0),(1487,2,2,0),(1488,2,3,0),(1489,2,4,0),(1490,2,5,0),(1491,2,6,0),(1492,2,7,0),(1493,2,8,0),(1494,2,9,0),(1495,2,10,0),(1496,2,11,0),(1497,2,12,0),(1498,2,13,0),(1499,2,14,0),(1500,2,15,0),(1501,2,1,0),(1502,2,2,0),(1503,2,3,0),(1504,2,4,0),(1505,2,5,0),(1506,2,6,0),(1507,2,7,0),(1508,2,8,0),(1509,2,9,0),(1510,2,10,0),(1511,2,11,0),(1512,2,12,0),(1513,2,13,0),(1514,2,14,0),(1515,2,15,0),(1516,2,1,0),(1517,2,2,0),(1518,2,3,0),(1519,2,4,0),(1520,2,5,0),(1521,2,6,0),(1522,2,7,0),(1523,2,8,0),(1524,2,9,0),(1525,2,10,0),(1526,2,11,0),(1527,2,12,0),(1528,2,13,0),(1529,2,14,0),(1530,2,15,0),(1531,2,1,0),(1532,2,2,0),(1533,2,3,0),(1534,2,4,0),(1535,2,5,0),(1536,2,6,0),(1537,2,7,0),(1538,2,8,0),(1539,2,9,0),(1540,2,10,0),(1541,2,11,0),(1542,2,12,0),(1543,2,13,0),(1544,2,14,0),(1545,2,15,0),(1546,2,1,0),(1547,2,2,0),(1548,2,3,0),(1549,2,4,0),(1550,2,5,0),(1551,2,6,0),(1552,2,7,0),(1553,2,8,0),(1554,2,9,0),(1555,2,10,0),(1556,2,11,0),(1557,2,12,0),(1558,2,13,0),(1559,2,14,0),(1560,2,15,0),(1561,2,1,0),(1562,2,2,0),(1563,2,3,0),(1564,2,4,0),(1565,2,5,0),(1566,2,6,0),(1567,2,7,0),(1568,2,8,0),(1569,2,9,0),(1570,2,10,0),(1571,2,11,0),(1572,2,12,0),(1573,2,13,0),(1574,2,14,0),(1575,2,15,0),(1576,2,1,0),(1577,2,2,0),(1578,2,3,0),(1579,2,4,0),(1580,2,5,0),(1581,2,6,0),(1582,2,7,0),(1583,2,8,0),(1584,2,9,0),(1585,2,10,0),(1586,2,11,0),(1587,2,12,0),(1588,2,13,0),(1589,2,14,0),(1590,2,15,0),(1591,2,1,0),(1592,2,2,0),(1593,2,3,0),(1594,2,4,0),(1595,2,5,0),(1596,2,6,0),(1597,2,7,0),(1598,2,8,0),(1599,2,9,0),(1600,2,10,0),(1601,2,11,0),(1602,2,12,0),(1603,2,13,0),(1604,2,14,0),(1605,2,15,0),(1606,2,1,0),(1607,2,2,0),(1608,2,3,0),(1609,2,4,0),(1610,2,5,0),(1611,2,6,0),(1612,2,7,0),(1613,2,8,0),(1614,2,9,0),(1615,2,10,0),(1616,2,11,0),(1617,2,12,0),(1618,2,13,0),(1619,2,14,0),(1620,2,15,0),(1621,2,1,0),(1622,2,2,0),(1623,2,3,0),(1624,2,4,0),(1625,2,5,0),(1626,2,6,0),(1627,2,7,0),(1628,2,8,0),(1629,2,9,0),(1630,2,10,0),(1631,2,11,0),(1632,2,12,0),(1633,2,13,0),(1634,2,14,0),(1635,2,15,0),(1636,2,1,0),(1637,2,2,0),(1638,2,3,0),(1639,2,4,0),(1640,2,5,0),(1641,2,6,0),(1642,2,7,0),(1643,2,8,0),(1644,2,9,0),(1645,2,10,0),(1646,2,11,0),(1647,2,12,0),(1648,2,13,0),(1649,2,14,0),(1650,2,15,0),(1651,2,1,0),(1652,2,2,0),(1653,2,3,0),(1654,2,4,0),(1655,2,5,0),(1656,2,6,0),(1657,2,7,0),(1658,2,8,0),(1659,2,9,0),(1660,2,10,0),(1661,2,11,0),(1662,2,12,0),(1663,2,13,0),(1664,2,14,0),(1665,2,15,0),(1666,2,1,0),(1667,2,2,0),(1668,2,3,0),(1669,2,4,0),(1670,2,5,0),(1671,2,6,0),(1672,2,7,0),(1673,2,8,0),(1674,2,9,0),(1675,2,10,0),(1676,2,11,0),(1677,2,12,0),(1678,2,13,0),(1679,2,14,0),(1680,2,15,0),(1681,2,1,0),(1682,2,2,0),(1683,2,3,0),(1684,2,4,0),(1685,2,5,0),(1686,2,6,0),(1687,2,7,0),(1688,2,8,0),(1689,2,9,0),(1690,2,10,0),(1691,2,11,0),(1692,2,12,0),(1693,2,13,0),(1694,2,14,0),(1695,2,15,0),(1696,2,1,0),(1697,2,2,0),(1698,2,3,0),(1699,2,4,0),(1700,2,5,0),(1701,2,6,0),(1702,2,7,0),(1703,2,8,0),(1704,2,9,0),(1705,2,10,0),(1706,2,11,0),(1707,2,12,0),(1708,2,13,0),(1709,2,14,0),(1710,2,15,0),(1711,2,1,0),(1712,2,2,0),(1713,2,3,0),(1714,2,4,0),(1715,2,5,0),(1716,2,6,0),(1717,2,7,0),(1718,2,8,0),(1719,2,9,0),(1720,2,10,0),(1721,2,11,0),(1722,2,12,0),(1723,2,13,0),(1724,2,14,0),(1725,2,15,0),(1726,2,1,0),(1727,2,2,0),(1728,2,3,0),(1729,2,4,0),(1730,2,5,0),(1731,2,6,0),(1732,2,7,0),(1733,2,8,0),(1734,2,9,0),(1735,2,10,0),(1736,2,11,0),(1737,2,12,0),(1738,2,13,0),(1739,2,14,0),(1740,2,15,0),(1741,2,1,0),(1742,2,2,0),(1743,2,3,0),(1744,2,4,0),(1745,2,5,0),(1746,2,6,0),(1747,2,7,0),(1748,2,8,0),(1749,2,9,0),(1750,2,10,0),(1751,2,11,0),(1752,2,12,0),(1753,2,13,0),(1754,2,14,0),(1755,2,15,0),(1756,2,1,0),(1757,2,2,0),(1758,2,3,0),(1759,2,4,0),(1760,2,5,0),(1761,2,6,0),(1762,2,7,0),(1763,2,8,0),(1764,2,9,0),(1765,2,10,0),(1766,2,11,0),(1767,2,12,0),(1768,2,13,0),(1769,2,14,0),(1770,2,15,0),(1771,2,1,0),(1772,2,2,0),(1773,2,3,0),(1774,2,4,0),(1775,2,5,0),(1776,2,6,0),(1777,2,7,0),(1778,2,8,0),(1779,2,9,0),(1780,2,10,0),(1781,2,11,0),(1782,2,12,0),(1783,2,13,0),(1784,2,14,0),(1785,2,15,0),(1786,2,1,0),(1787,2,2,0),(1788,2,3,0),(1789,2,4,0),(1790,2,5,0),(1791,2,6,0),(1792,2,7,0),(1793,2,8,0),(1794,2,9,0),(1795,2,10,0),(1796,2,11,0),(1797,2,12,0),(1798,2,13,0),(1799,2,14,0),(1800,2,15,0),(1801,2,1,0),(1802,2,2,0),(1803,2,3,0),(1804,2,4,0),(1805,2,5,0),(1806,2,6,0),(1807,2,7,0),(1808,2,8,0),(1809,2,9,0),(1810,2,10,0),(1811,2,11,0),(1812,2,12,0),(1813,2,13,0),(1814,2,14,0),(1815,2,15,0),(1816,2,1,0),(1817,2,2,0),(1818,2,3,0),(1819,2,4,0),(1820,2,5,0),(1821,2,6,0),(1822,2,7,0),(1823,2,8,0),(1824,2,9,0),(1825,2,10,0),(1826,2,11,0),(1827,2,12,0),(1828,2,13,0),(1829,2,14,0),(1830,2,15,0),(1831,2,1,0),(1832,2,2,0),(1833,2,3,0),(1834,2,4,0),(1835,2,5,0),(1836,2,6,0),(1837,2,7,0),(1838,2,8,0),(1839,2,9,0),(1840,2,10,0),(1841,2,11,0),(1842,2,12,0),(1843,2,13,0),(1844,2,14,0),(1845,2,15,0),(1846,2,1,0),(1847,2,2,0),(1848,2,3,0),(1849,2,4,0),(1850,2,5,0),(1851,2,6,0),(1852,2,7,0),(1853,2,8,0),(1854,2,9,0),(1855,2,10,0),(1856,2,11,0),(1857,2,12,0),(1858,2,13,0),(1859,2,14,0),(1860,2,15,0),(1861,2,1,0),(1862,2,2,0),(1863,2,3,0),(1864,2,4,0),(1865,2,5,0),(1866,2,6,0),(1867,2,7,0),(1868,2,8,0),(1869,2,9,0),(1870,2,10,0),(1871,2,11,0),(1872,2,12,0),(1873,2,13,0),(1874,2,14,0),(1875,2,15,0),(1876,2,1,0),(1877,2,2,0),(1878,2,3,0),(1879,2,4,0),(1880,2,5,0),(1881,2,6,0),(1882,2,7,0),(1883,2,8,0),(1884,2,9,0),(1885,2,10,0),(1886,2,11,0),(1887,2,12,0),(1888,2,13,0),(1889,2,14,0),(1890,2,15,0),(1891,2,1,0),(1892,2,2,0),(1893,2,3,0),(1894,2,4,0),(1895,2,5,0),(1896,2,6,0),(1897,2,7,0),(1898,2,8,0),(1899,2,9,0),(1900,2,10,0),(1901,2,11,0),(1902,2,12,0),(1903,2,13,0),(1904,2,14,0),(1905,2,15,0),(1906,2,1,0),(1907,2,2,0),(1908,2,3,0),(1909,2,4,0),(1910,2,5,0),(1911,2,6,0),(1912,2,7,0),(1913,2,8,0),(1914,2,9,0),(1915,2,10,0),(1916,2,11,0),(1917,2,12,0),(1918,2,13,0),(1919,2,14,0),(1920,2,15,0),(1921,2,1,0),(1922,2,2,0),(1923,2,3,0),(1924,2,4,0),(1925,2,5,0),(1926,2,6,0),(1927,2,7,0),(1928,2,8,0),(1929,2,9,0),(1930,2,10,0),(1931,2,11,0),(1932,2,12,0),(1933,2,13,0),(1934,2,14,0),(1935,2,15,0),(1936,2,1,0),(1937,2,2,0),(1938,2,3,0),(1939,2,4,0),(1940,2,5,0),(1941,2,6,0),(1942,2,7,0),(1943,2,8,0),(1944,2,9,0),(1945,2,10,0),(1946,2,11,0),(1947,2,12,0),(1948,2,13,0),(1949,2,14,0),(1950,2,15,0),(1951,2,1,0),(1952,2,2,0),(1953,2,3,0),(1954,2,4,0),(1955,2,5,0),(1956,2,6,0),(1957,2,7,0),(1958,2,8,0),(1959,2,9,0),(1960,2,10,0),(1961,2,11,0),(1962,2,12,0),(1963,2,13,0),(1964,2,14,0),(1965,2,15,0),(1966,2,1,0),(1967,2,2,0),(1968,2,3,0),(1969,2,4,0),(1970,2,5,0),(1971,2,6,0),(1972,2,7,0),(1973,2,8,0),(1974,2,9,0),(1975,2,10,0),(1976,2,11,0),(1977,2,12,0),(1978,2,13,0),(1979,2,14,0),(1980,2,15,0),(1981,2,1,0),(1982,2,2,0),(1983,2,3,0),(1984,2,4,0),(1985,2,5,0),(1986,2,6,0),(1987,2,7,0),(1988,2,8,0),(1989,2,9,0),(1990,2,10,0),(1991,2,11,0),(1992,2,12,0),(1993,2,13,0),(1994,2,14,0),(1995,2,15,0),(1996,2,1,0),(1997,2,2,0),(1998,2,3,0),(1999,2,4,0),(2000,2,5,0),(2001,2,6,0),(2002,2,7,0),(2003,2,8,0),(2004,2,9,0),(2005,2,10,0),(2006,2,11,0),(2007,2,12,0),(2008,2,13,0),(2009,2,14,0),(2010,2,15,0),(2011,2,1,0),(2012,2,2,0),(2013,2,3,0),(2014,2,4,0),(2015,2,5,0),(2016,2,6,0),(2017,2,7,0),(2018,2,8,0),(2019,2,9,0),(2020,2,10,0),(2021,2,11,0),(2022,2,12,0),(2023,2,13,0),(2024,2,14,0),(2025,2,15,0),(2026,2,1,0),(2027,2,2,0),(2028,2,3,0),(2029,2,4,0),(2030,2,5,0),(2031,2,6,0),(2032,2,7,0),(2033,2,8,0),(2034,2,9,0),(2035,2,10,0),(2036,2,11,0),(2037,2,12,0),(2038,2,13,0),(2039,2,14,0),(2040,2,15,0),(2041,2,1,0),(2042,2,2,0),(2043,2,3,0),(2044,2,4,0),(2045,2,5,0),(2046,2,6,0),(2047,2,7,0),(2048,2,8,0),(2049,2,9,0),(2050,2,10,0),(2051,2,11,0),(2052,2,12,0),(2053,2,13,0),(2054,2,14,0),(2055,2,15,0),(2056,2,1,0),(2057,2,2,0),(2058,2,3,0),(2059,2,4,0),(2060,2,5,0),(2061,2,6,0),(2062,2,7,0),(2063,2,8,0),(2064,2,9,0),(2065,2,10,0),(2066,2,11,0),(2067,2,12,0),(2068,2,13,0),(2069,2,14,0),(2070,2,15,0),(2071,2,1,0),(2072,2,2,0),(2073,2,3,0),(2074,2,4,0),(2075,2,5,0),(2076,2,6,0),(2077,2,7,0),(2078,2,8,0),(2079,2,9,0),(2080,2,10,0),(2081,2,11,0),(2082,2,12,0),(2083,2,13,0),(2084,2,14,0),(2085,2,15,0),(2086,2,1,0),(2087,2,2,0),(2088,2,3,0),(2089,2,4,0),(2090,2,5,0),(2091,2,6,0),(2092,2,7,0),(2093,2,8,0),(2094,2,9,0),(2095,2,10,0),(2096,2,11,0),(2097,2,12,0),(2098,2,13,0),(2099,2,14,0),(2100,2,15,0),(2101,2,1,0),(2102,2,2,0),(2103,2,3,0),(2104,2,4,0),(2105,2,5,0),(2106,2,6,0),(2107,2,7,0),(2108,2,8,0),(2109,2,9,0),(2110,2,10,0),(2111,2,11,0),(2112,2,12,0),(2113,2,13,0),(2114,2,14,0),(2115,2,15,0),(2116,2,1,0),(2117,2,2,0),(2118,2,3,0),(2119,2,4,0),(2120,2,5,0),(2121,2,6,0),(2122,2,7,0),(2123,2,8,0),(2124,2,9,0),(2125,2,10,0),(2126,2,11,0),(2127,2,12,0),(2128,2,13,0),(2129,2,14,0),(2130,2,15,0),(2131,2,1,0),(2132,2,2,0),(2133,2,3,0),(2134,2,4,0),(2135,2,5,0),(2136,2,6,0),(2137,2,7,0),(2138,2,8,0),(2139,2,9,0),(2140,2,10,0),(2141,2,11,0),(2142,2,12,0),(2143,2,13,0),(2144,2,14,0),(2145,2,15,0),(2146,2,1,0),(2147,2,2,0),(2148,2,3,0),(2149,2,4,0),(2150,2,5,0),(2151,2,6,0),(2152,2,7,0),(2153,2,8,0),(2154,2,9,0),(2155,2,10,0),(2156,2,11,0),(2157,2,12,0),(2158,2,13,0),(2159,2,14,0),(2160,2,15,0),(2161,2,1,0),(2162,2,2,0),(2163,2,3,0),(2164,2,4,0),(2165,2,5,0),(2166,2,6,0),(2167,2,7,0),(2168,2,8,0),(2169,2,9,0),(2170,2,10,0),(2171,2,11,0),(2172,2,12,0),(2173,2,13,0),(2174,2,14,0),(2175,2,15,0),(2176,2,1,0),(2177,2,2,0),(2178,2,3,0),(2179,2,4,0),(2180,2,5,0),(2181,2,6,0),(2182,2,7,0),(2183,2,8,0),(2184,2,9,0),(2185,2,10,0),(2186,2,11,0),(2187,2,12,0),(2188,2,13,0),(2189,2,14,0),(2190,2,15,0),(2191,2,1,0),(2192,2,2,0),(2193,2,3,0),(2194,2,4,0),(2195,2,5,0),(2196,2,6,0),(2197,2,7,0),(2198,2,8,0),(2199,2,9,0),(2200,2,10,0),(2201,2,11,0),(2202,2,12,0),(2203,2,13,0),(2204,2,14,0),(2205,2,15,0),(2206,2,1,0),(2207,2,2,0),(2208,2,3,0),(2209,2,4,0),(2210,2,5,0),(2211,2,6,0),(2212,2,7,0),(2213,2,8,0),(2214,2,9,0),(2215,2,10,0),(2216,2,11,0),(2217,2,12,0),(2218,2,13,0),(2219,2,14,0),(2220,2,15,0),(2221,2,1,0),(2222,2,2,0),(2223,2,3,0),(2224,2,4,0),(2225,2,5,0),(2226,2,6,0),(2227,2,7,0),(2228,2,8,0),(2229,2,9,0),(2230,2,10,0),(2231,2,11,0),(2232,2,12,0),(2233,2,13,0),(2234,2,14,0),(2235,2,15,0),(2236,2,1,0),(2237,2,2,0),(2238,2,3,0),(2239,2,4,0),(2240,2,5,0),(2241,2,6,0),(2242,2,7,0),(2243,2,8,0),(2244,2,9,0),(2245,2,10,0),(2246,2,11,0),(2247,2,12,0),(2248,2,13,0),(2249,2,14,0),(2250,2,15,0),(2251,2,1,0),(2252,2,2,0),(2253,2,3,0),(2254,2,4,0),(2255,2,5,0),(2256,2,6,0),(2257,2,7,0),(2258,2,8,0),(2259,2,9,0),(2260,2,10,0),(2261,2,11,0),(2262,2,12,0),(2263,2,13,0),(2264,2,14,0),(2265,2,15,0),(2266,2,1,0),(2267,2,2,0),(2268,2,3,0),(2269,2,4,0),(2270,2,5,0),(2271,2,6,0),(2272,2,7,0),(2273,2,8,0),(2274,2,9,0),(2275,2,10,0),(2276,2,11,0),(2277,2,12,0),(2278,2,13,0),(2279,2,14,0),(2280,2,15,0),(2281,2,1,0),(2282,2,2,0),(2283,2,3,0),(2284,2,4,0),(2285,2,5,0),(2286,2,6,0),(2287,2,7,0),(2288,2,8,0),(2289,2,9,0),(2290,2,10,0),(2291,2,11,0),(2292,2,12,0),(2293,2,13,0),(2294,2,14,0),(2295,2,15,0),(2296,2,1,0),(2297,2,2,0),(2298,2,3,0),(2299,2,4,0),(2300,2,5,0),(2301,2,6,0),(2302,2,7,0),(2303,2,8,0),(2304,2,9,0),(2305,2,10,0),(2306,2,11,0),(2307,2,12,0),(2308,2,13,0),(2309,2,14,0),(2310,2,15,0),(2311,2,1,0),(2312,2,2,0),(2313,2,3,0),(2314,2,4,0),(2315,2,5,0),(2316,2,6,0),(2317,2,7,0),(2318,2,8,0),(2319,2,9,0),(2320,2,10,0),(2321,2,11,0),(2322,2,12,0),(2323,2,13,0),(2324,2,14,0),(2325,2,15,0),(2326,2,1,0),(2327,2,2,0),(2328,2,3,0),(2329,2,4,0),(2330,2,5,0),(2331,2,6,0),(2332,2,7,0),(2333,2,8,0),(2334,2,9,0),(2335,2,10,0),(2336,2,11,0),(2337,2,12,0),(2338,2,13,0),(2339,2,14,0),(2340,2,15,0),(2341,2,1,0),(2342,2,2,0),(2343,2,3,0),(2344,2,4,0),(2345,2,5,0),(2346,2,6,0),(2347,2,7,0),(2348,2,8,0),(2349,2,9,0),(2350,2,10,0),(2351,2,11,0),(2352,2,12,0),(2353,2,13,0),(2354,2,14,0),(2355,2,15,0),(2356,2,1,0),(2357,2,2,0),(2358,2,3,0),(2359,2,4,0),(2360,2,5,0),(2361,2,6,0),(2362,2,7,0),(2363,2,8,0),(2364,2,9,0),(2365,2,10,0),(2366,2,11,0),(2367,2,12,0),(2368,2,13,0),(2369,2,14,0),(2370,2,15,0),(2371,2,1,0),(2372,2,2,0),(2373,2,3,0),(2374,2,4,0),(2375,2,5,0),(2376,2,6,0),(2377,2,7,0),(2378,2,8,0),(2379,2,9,0),(2380,2,10,0),(2381,2,11,0),(2382,2,12,0),(2383,2,13,0),(2384,2,14,0),(2385,2,15,0),(2386,2,1,0),(2387,2,2,0),(2388,2,3,0),(2389,2,4,0),(2390,2,5,0),(2391,2,6,0),(2392,2,7,0),(2393,2,8,0),(2394,2,9,0),(2395,2,10,0),(2396,2,11,0),(2397,2,12,0),(2398,2,13,0),(2399,2,14,0),(2400,2,15,0),(2401,2,1,0),(2402,2,2,0),(2403,2,3,0),(2404,2,4,0),(2405,2,5,0),(2406,2,6,0),(2407,2,7,0),(2408,2,8,0),(2409,2,9,0),(2410,2,10,0),(2411,2,11,0),(2412,2,12,0),(2413,2,13,0),(2414,2,14,0),(2415,2,15,0),(2416,2,1,0),(2417,2,2,0),(2418,2,3,0),(2419,2,4,0),(2420,2,5,0),(2421,2,6,0),(2422,2,7,0),(2423,2,8,0),(2424,2,9,0),(2425,2,10,0),(2426,2,11,0),(2427,2,12,0),(2428,2,13,0),(2429,2,14,0),(2430,2,15,0),(2431,2,1,0),(2432,2,2,0),(2433,2,3,0),(2434,2,4,0),(2435,2,5,0),(2436,2,6,0),(2437,2,7,0),(2438,2,8,0),(2439,2,9,0),(2440,2,10,0),(2441,2,11,0),(2442,2,12,0),(2443,2,13,0),(2444,2,14,0),(2445,2,15,0),(2446,2,1,0),(2447,2,2,0),(2448,2,3,0),(2449,2,4,0),(2450,2,5,0),(2451,2,6,0),(2452,2,7,0),(2453,2,8,0),(2454,2,9,0),(2455,2,10,0),(2456,2,11,0),(2457,2,12,0),(2458,2,13,0),(2459,2,14,0),(2460,2,15,0),(2461,2,1,0),(2462,2,2,0),(2463,2,3,0),(2464,2,4,0),(2465,2,5,0),(2466,2,6,0),(2467,2,7,0),(2468,2,8,0),(2469,2,9,0),(2470,2,10,0),(2471,2,11,0),(2472,2,12,0),(2473,2,13,0),(2474,2,14,0),(2475,2,15,0),(2476,2,1,0),(2477,2,2,0),(2478,2,3,0),(2479,2,4,0),(2480,2,5,0),(2481,2,6,0),(2482,2,7,0),(2483,2,8,0),(2484,2,9,0),(2485,2,10,0),(2486,2,11,0),(2487,2,12,0),(2488,2,13,0),(2489,2,14,0),(2490,2,15,0),(2491,2,1,0),(2492,2,2,0),(2493,2,3,0),(2494,2,4,0),(2495,2,5,0),(2496,2,6,0),(2497,2,7,0),(2498,2,8,0),(2499,2,9,0),(2500,2,10,0),(2501,2,11,0),(2502,2,12,0),(2503,2,13,0),(2504,2,14,0),(2505,2,15,0),(2506,2,1,0),(2507,2,2,0),(2508,2,3,0),(2509,2,4,0),(2510,2,5,0),(2511,2,6,0),(2512,2,7,0),(2513,2,8,0),(2514,2,9,0),(2515,2,10,0),(2516,2,11,0),(2517,2,12,0),(2518,2,13,0),(2519,2,14,0),(2520,2,15,0),(2521,2,1,0),(2522,2,2,0),(2523,2,3,0),(2524,2,4,0),(2525,2,5,0),(2526,2,6,0),(2527,2,7,0),(2528,2,8,0),(2529,2,9,0),(2530,2,10,0),(2531,2,11,0),(2532,2,12,0),(2533,2,13,0),(2534,2,14,0),(2535,2,15,0),(2536,2,1,0),(2537,2,2,0),(2538,2,3,0),(2539,2,4,0),(2540,2,5,0),(2541,2,6,0),(2542,2,7,0),(2543,2,8,0),(2544,2,9,0),(2545,2,10,0),(2546,2,11,0),(2547,2,12,0),(2548,2,13,0),(2549,2,14,0),(2550,2,15,0),(2551,2,1,0),(2552,2,2,0),(2553,2,3,0),(2554,2,4,0),(2555,2,5,0),(2556,2,6,0),(2557,2,7,0),(2558,2,8,0),(2559,2,9,0),(2560,2,10,0),(2561,2,11,0),(2562,2,12,0),(2563,2,13,0),(2564,2,14,0),(2565,2,15,0),(2566,2,1,0),(2567,2,2,0),(2568,2,3,0),(2569,2,4,0),(2570,2,5,0),(2571,2,6,0),(2572,2,7,0),(2573,2,8,0),(2574,2,9,0),(2575,2,10,0),(2576,2,11,0),(2577,2,12,0),(2578,2,13,0),(2579,2,14,0),(2580,2,15,0),(2581,2,1,0),(2582,2,2,0),(2583,2,3,0),(2584,2,4,0),(2585,2,5,0),(2586,2,6,0),(2587,2,7,0),(2588,2,8,0),(2589,2,9,0),(2590,2,10,0),(2591,2,11,0),(2592,2,12,0),(2593,2,13,0),(2594,2,14,0),(2595,2,15,0),(2596,2,1,0),(2597,2,2,0),(2598,2,3,0),(2599,2,4,0),(2600,2,5,0),(2601,2,6,0),(2602,2,7,0),(2603,2,8,0),(2604,2,9,0),(2605,2,10,0),(2606,2,11,0),(2607,2,12,0),(2608,2,13,0),(2609,2,14,0),(2610,2,15,0),(2611,2,1,0),(2612,2,2,0),(2613,2,3,0),(2614,2,4,0),(2615,2,5,0),(2616,2,6,0),(2617,2,7,0),(2618,2,8,0),(2619,2,9,0),(2620,2,10,0),(2621,2,11,0),(2622,2,12,0),(2623,2,13,0),(2624,2,14,0),(2625,2,15,0),(2626,2,1,0),(2627,2,2,0),(2628,2,3,0),(2629,2,4,0),(2630,2,5,0),(2631,2,6,0),(2632,2,7,0),(2633,2,8,0),(2634,2,9,0),(2635,2,10,0),(2636,2,11,0),(2637,2,12,0),(2638,2,13,0),(2639,2,14,0),(2640,2,15,0),(2641,2,1,0),(2642,2,2,0),(2643,2,3,0),(2644,2,4,0),(2645,2,5,0),(2646,2,6,0),(2647,2,7,0),(2648,2,8,0),(2649,2,9,0),(2650,2,10,0),(2651,2,11,0),(2652,2,12,0),(2653,2,13,0),(2654,2,14,0),(2655,2,15,0),(2656,2,1,0),(2657,2,2,0),(2658,2,3,0),(2659,2,4,0),(2660,2,5,0),(2661,2,6,0),(2662,2,7,0),(2663,2,8,0),(2664,2,9,0),(2665,2,10,0),(2666,2,11,0),(2667,2,12,0),(2668,2,13,0),(2669,2,14,0),(2670,2,15,0),(2671,2,1,0),(2672,2,2,0),(2673,2,3,0),(2674,2,4,0),(2675,2,5,0),(2676,2,6,0),(2677,2,7,0),(2678,2,8,0),(2679,2,9,0),(2680,2,10,0),(2681,2,11,0),(2682,2,12,0),(2683,2,13,0),(2684,2,14,0),(2685,2,15,0),(2686,2,1,0),(2687,2,2,0),(2688,2,3,0),(2689,2,4,0),(2690,2,5,0),(2691,2,6,0),(2692,2,7,0),(2693,2,8,0),(2694,2,9,0),(2695,2,10,0),(2696,2,11,0),(2697,2,12,0),(2698,2,13,0),(2699,2,14,0),(2700,2,15,0),(2701,2,1,0),(2702,2,2,0),(2703,2,3,0),(2704,2,4,0),(2705,2,5,0),(2706,2,6,0),(2707,2,7,0),(2708,2,8,0),(2709,2,9,0),(2710,2,10,0),(2711,2,11,0),(2712,2,12,0),(2713,2,13,0),(2714,2,14,0),(2715,2,15,0),(2716,2,1,0),(2717,2,2,0),(2718,2,3,0),(2719,2,4,0),(2720,2,5,0),(2721,2,6,0),(2722,2,7,0),(2723,2,8,0),(2724,2,9,0),(2725,2,10,0),(2726,2,11,0),(2727,2,12,0),(2728,2,13,0),(2729,2,14,0),(2730,2,15,0),(2731,2,1,0),(2732,2,2,0),(2733,2,3,0),(2734,2,4,0),(2735,2,5,0),(2736,2,6,0),(2737,2,7,0),(2738,2,8,0),(2739,2,9,0),(2740,2,10,0),(2741,2,11,0),(2742,2,12,0),(2743,2,13,0),(2744,2,14,0),(2745,2,15,0),(2746,2,1,0),(2747,2,2,0),(2748,2,3,0),(2749,2,4,0),(2750,2,5,0),(2751,2,6,0),(2752,2,7,0),(2753,2,8,0),(2754,2,9,0),(2755,2,10,0),(2756,2,11,0),(2757,2,12,0),(2758,2,13,0),(2759,2,14,0),(2760,2,15,0),(2761,2,1,0),(2762,2,2,0),(2763,2,3,0),(2764,2,4,0),(2765,2,5,0),(2766,2,6,0),(2767,2,7,0),(2768,2,8,0),(2769,2,9,0),(2770,2,10,0),(2771,2,11,0),(2772,2,12,0),(2773,2,13,0),(2774,2,14,0),(2775,2,15,0),(2776,2,1,0),(2777,2,2,0),(2778,2,3,0),(2779,2,4,0),(2780,2,5,0),(2781,2,6,0),(2782,2,7,0),(2783,2,8,0),(2784,2,9,0),(2785,2,10,0),(2786,2,11,0),(2787,2,12,0),(2788,2,13,0),(2789,2,14,0),(2790,2,15,0),(2791,2,1,0),(2792,2,2,0),(2793,2,3,0),(2794,2,4,0),(2795,2,5,0),(2796,2,6,0),(2797,2,7,0),(2798,2,8,0),(2799,2,9,0),(2800,2,10,0),(2801,2,11,0),(2802,2,12,0),(2803,2,13,0),(2804,2,14,0),(2805,2,15,0),(2806,2,1,0),(2807,2,2,0),(2808,2,3,0),(2809,2,4,0),(2810,2,5,0),(2811,2,6,0),(2812,2,7,0),(2813,2,8,0),(2814,2,9,0),(2815,2,10,0),(2816,2,11,0),(2817,2,12,0),(2818,2,13,0),(2819,2,14,0),(2820,2,15,0),(2821,2,1,0),(2822,2,2,0),(2823,2,3,0),(2824,2,4,0),(2825,2,5,0),(2826,2,6,0),(2827,2,7,0),(2828,2,8,0),(2829,2,9,0),(2830,2,10,0),(2831,2,11,0),(2832,2,12,0),(2833,2,13,0),(2834,2,14,0),(2835,2,15,0),(2836,2,1,0),(2837,2,2,0),(2838,2,3,0),(2839,2,4,0),(2840,2,5,0),(2841,2,6,0),(2842,2,7,0),(2843,2,8,0),(2844,2,9,0),(2845,2,10,0),(2846,2,11,0),(2847,2,12,0),(2848,2,13,0),(2849,2,14,0),(2850,2,15,0),(2851,2,1,0),(2852,2,2,0),(2853,2,3,0),(2854,2,4,0),(2855,2,5,0),(2856,2,6,0),(2857,2,7,0),(2858,2,8,0),(2859,2,9,0),(2860,2,10,0),(2861,2,11,0),(2862,2,12,0),(2863,2,13,0),(2864,2,14,0),(2865,2,15,0),(2866,2,1,0),(2867,2,2,0),(2868,2,3,0),(2869,2,4,0),(2870,2,5,0),(2871,2,6,0),(2872,2,7,0),(2873,2,8,0),(2874,2,9,0),(2875,2,10,0),(2876,2,11,0),(2877,2,12,0),(2878,2,13,0),(2879,2,14,0),(2880,2,15,0),(2881,2,1,0),(2882,2,2,0),(2883,2,3,0),(2884,2,4,0),(2885,2,5,0),(2886,2,6,0),(2887,2,7,0),(2888,2,8,0),(2889,2,9,0),(2890,2,10,0),(2891,2,11,0),(2892,2,12,0),(2893,2,13,0),(2894,2,14,0),(2895,2,15,0),(2896,2,1,0),(2897,2,2,0),(2898,2,3,0),(2899,2,4,0),(2900,2,5,0),(2901,2,6,0),(2902,2,7,0),(2903,2,8,0),(2904,2,9,0),(2905,2,10,0),(2906,2,11,0),(2907,2,12,0),(2908,2,13,0),(2909,2,14,0),(2910,2,15,0),(2911,2,1,0),(2912,2,2,0),(2913,2,3,0),(2914,2,4,0),(2915,2,5,0),(2916,2,6,0),(2917,2,7,0),(2918,2,8,0),(2919,2,9,0),(2920,2,10,0),(2921,2,11,0),(2922,2,12,0),(2923,2,13,0),(2924,2,14,0),(2925,2,15,0),(2926,2,1,0),(2927,2,2,0),(2928,2,3,0),(2929,2,4,0),(2930,2,5,0),(2931,2,6,0),(2932,2,7,0),(2933,2,8,0),(2934,2,9,0),(2935,2,10,0),(2936,2,11,0),(2937,2,12,0),(2938,2,13,0),(2939,2,14,0),(2940,2,15,0),(2941,2,1,0),(2942,2,2,0),(2943,2,3,0),(2944,2,4,0),(2945,2,5,0),(2946,2,6,0),(2947,2,7,0),(2948,2,8,0),(2949,2,9,0),(2950,2,10,0),(2951,2,11,0),(2952,2,12,0),(2953,2,13,0),(2954,2,14,0),(2955,2,15,0),(2956,2,1,0),(2957,2,2,0),(2958,2,3,0),(2959,2,4,0),(2960,2,5,0),(2961,2,6,0),(2962,2,7,0),(2963,2,8,0),(2964,2,9,0),(2965,2,10,0),(2966,2,11,0),(2967,2,12,0),(2968,2,13,0),(2969,2,14,0),(2970,2,15,0),(2971,2,1,0),(2972,2,2,0),(2973,2,3,0),(2974,2,4,0),(2975,2,5,0),(2976,2,6,0),(2977,2,7,0),(2978,2,8,0),(2979,2,9,0),(2980,2,10,0),(2981,2,11,0),(2982,2,12,0),(2983,2,13,0),(2984,2,14,0),(2985,2,15,0),(2986,2,1,0),(2987,2,2,0),(2988,2,3,0),(2989,2,4,0),(2990,2,5,0),(2991,2,6,0),(2992,2,7,0),(2993,2,8,0),(2994,2,9,0),(2995,2,10,0),(2996,2,11,0),(2997,2,12,0),(2998,2,13,0),(2999,2,14,0),(3000,2,15,0),(3001,2,1,0),(3002,2,2,0),(3003,2,3,0),(3004,2,4,0),(3005,2,5,0),(3006,2,6,0),(3007,2,7,0),(3008,2,8,0),(3009,2,9,0),(3010,2,10,0),(3011,2,11,0),(3012,2,12,0),(3013,2,13,0),(3014,2,14,0),(3015,2,15,0),(3016,2,1,0),(3017,2,2,0),(3018,2,3,0),(3019,2,4,0),(3020,2,5,0),(3021,2,6,0),(3022,2,7,0),(3023,2,8,0),(3024,2,9,0),(3025,2,10,0),(3026,2,11,0),(3027,2,12,0),(3028,2,13,0),(3029,2,14,0),(3030,2,15,0),(3031,2,1,0),(3032,2,2,0),(3033,2,3,0),(3034,2,4,0),(3035,2,5,0),(3036,2,6,0),(3037,2,7,0),(3038,2,8,0),(3039,2,9,0),(3040,2,10,0),(3041,2,11,0),(3042,2,12,0),(3043,2,13,0),(3044,2,14,0),(3045,2,15,0),(3046,2,1,0),(3047,2,2,0),(3048,2,3,0),(3049,2,4,0),(3050,2,5,0),(3051,2,6,0),(3052,2,7,0),(3053,2,8,0),(3054,2,9,0),(3055,2,10,0),(3056,2,11,0),(3057,2,12,0),(3058,2,13,0),(3059,2,14,0),(3060,2,15,0),(3061,2,1,0),(3062,2,2,0),(3063,2,3,0),(3064,2,4,0),(3065,2,5,0),(3066,2,6,0),(3067,2,7,0),(3068,2,8,0),(3069,2,9,0),(3070,2,10,0),(3071,2,11,0),(3072,2,12,0),(3073,2,13,0),(3074,2,14,0),(3075,2,15,0),(3076,2,1,0),(3077,2,2,0),(3078,2,3,0),(3079,2,4,0),(3080,2,5,0),(3081,2,6,0),(3082,2,7,0),(3083,2,8,0),(3084,2,9,0),(3085,2,10,0),(3086,2,11,0),(3087,2,12,0),(3088,2,13,0),(3089,2,14,0),(3090,2,15,0),(3091,2,1,0),(3092,2,2,0),(3093,2,3,0),(3094,2,4,0),(3095,2,5,0),(3096,2,6,0),(3097,2,7,0),(3098,2,8,0),(3099,2,9,0),(3100,2,10,0),(3101,2,11,0),(3102,2,12,0),(3103,2,13,0),(3104,2,14,0),(3105,2,15,0),(3106,2,1,0),(3107,2,2,0),(3108,2,3,0),(3109,2,4,0),(3110,2,5,0),(3111,2,6,0),(3112,2,7,0),(3113,2,8,0),(3114,2,9,0),(3115,2,10,0),(3116,2,11,0),(3117,2,12,0),(3118,2,13,0),(3119,2,14,0),(3120,2,15,0),(3121,2,1,0),(3122,2,2,0),(3123,2,3,0),(3124,2,4,0),(3125,2,5,0),(3126,2,6,0),(3127,2,7,0),(3128,2,8,0),(3129,2,9,0),(3130,2,10,0),(3131,2,11,0),(3132,2,12,0),(3133,2,13,0),(3134,2,14,0),(3135,2,15,0),(3136,2,1,0),(3137,2,2,0),(3138,2,3,0),(3139,2,4,0),(3140,2,5,0),(3141,2,6,0),(3142,2,7,0),(3143,2,8,0),(3144,2,9,0),(3145,2,10,0),(3146,2,11,0),(3147,2,12,0),(3148,2,13,0),(3149,2,14,0),(3150,2,15,0),(3151,2,1,0),(3152,2,2,0),(3153,2,3,0),(3154,2,4,0),(3155,2,5,0),(3156,2,6,0),(3157,2,7,0),(3158,2,8,0),(3159,2,9,0),(3160,2,10,0),(3161,2,11,0),(3162,2,12,0),(3163,2,13,0),(3164,2,14,0),(3165,2,15,0),(3166,2,1,0),(3167,2,2,0),(3168,2,3,0),(3169,2,4,0),(3170,2,5,0),(3171,2,6,0),(3172,2,7,0),(3173,2,8,0),(3174,2,9,0),(3175,2,10,0),(3176,2,11,0),(3177,2,12,0),(3178,2,13,0),(3179,2,14,0),(3180,2,15,0),(3181,2,1,0),(3182,2,2,0),(3183,2,3,0),(3184,2,4,0),(3185,2,5,0),(3186,2,6,0),(3187,2,7,0),(3188,2,8,0),(3189,2,9,0),(3190,2,10,0),(3191,2,11,0),(3192,2,12,0),(3193,2,13,0),(3194,2,14,0),(3195,2,15,0);
/*!40000 ALTER TABLE `attendance` ENABLE KEYS */;
UNLOCK TABLES;

--
-- Table structure for table `course`
--

DROP TABLE IF EXISTS `course`;
/*!40101 SET @saved_cs_client     = @@character_set_client */;
/*!50503 SET character_set_client = utf8mb4 */;
CREATE TABLE `course` (
  `id` int(11) NOT NULL AUTO_INCREMENT,
  `sem_id` int(11) NOT NULL,
  `prof_id` int(11) NOT NULL,
  `room_id` int(11) NOT NULL,
  `name` varchar(50) CHARACTER SET utf8mb4 COLLATE utf8mb4_0900_ai_ci NOT NULL,
  `split` tinyint(1) NOT NULL DEFAULT '0' COMMENT '분할수업 여부 \n0 분할x\n1 분할',
  `joint` int(1) NOT NULL DEFAULT '1' COMMENT '공동 개설 강의 수',
  `show` tinyint(1) NOT NULL DEFAULT '0',
  PRIMARY KEY (`id`),
  KEY `FK_Course_Professor` (`prof_id`),
  KEY `fk_course_semester1_idx` (`sem_id`),
  KEY `fk_course_room1` (`room_id`),
  CONSTRAINT `fk_course_professor1` FOREIGN KEY (`prof_id`) REFERENCES `professor` (`id`),
  CONSTRAINT `fk_course_room1` FOREIGN KEY (`room_id`) REFERENCES `room` (`id`),
  CONSTRAINT `fk_course_semester1` FOREIGN KEY (`sem_id`) REFERENCES `semester` (`id`)
) ENGINE=InnoDB AUTO_INCREMENT=11 DEFAULT CHARSET=utf8;
/*!40101 SET character_set_client = @saved_cs_client */;

--
-- Dumping data for table `course`
--

LOCK TABLES `course` WRITE;
/*!40000 ALTER TABLE `course` DISABLE KEYS */;
INSERT INTO `course` VALUES (3,1,1,1,'프론트엔드 개발',0,1,0),(4,1,1,1,'프론트엔드 개발',0,3,0),(5,1,1,1,'웹프로그래밍',1,2,0),(6,1,1,2,'소프트웨어 캡스톤디자인',1,2,0),(7,2,1,1,'웹프로그래밍',0,1,0),(8,1,3,2,'Python 프로젝트',0,3,0),(9,1,2,2,'대학생활세미나1(IT융합 1반)',0,1,0),(10,1,3,2,'시스템분석 및 설계',1,1,0);
/*!40000 ALTER TABLE `course` ENABLE KEYS */;
UNLOCK TABLES;

--
-- Table structure for table `division`
--

DROP TABLE IF EXISTS `division`;
/*!40101 SET @saved_cs_client     = @@character_set_client */;
/*!50503 SET character_set_client = utf8mb4 */;
CREATE TABLE `division` (
  `id` int(11) NOT NULL AUTO_INCREMENT,
  `cour_id` int(11) NOT NULL,
  `code` varchar(50) NOT NULL COMMENT '과목코드',
  `no` int(1) NOT NULL DEFAULT '1',
  `dept_name` varchar(50) DEFAULT NULL,
  PRIMARY KEY (`id`),
  KEY `fk_division_course1_idx` (`cour_id`),
  CONSTRAINT `fk_division_course1` FOREIGN KEY (`cour_id`) REFERENCES `course` (`id`)
) ENGINE=InnoDB AUTO_INCREMENT=17 DEFAULT CHARSET=utf8;
/*!40101 SET character_set_client = @saved_cs_client */;

--
-- Dumping data for table `division`
--

LOCK TABLES `division` WRITE;
/*!40000 ALTER TABLE `division` DISABLE KEYS */;
INSERT INTO `division` VALUES (1,3,'XB00015',1,NULL),(2,4,'IE00087',1,NULL),(3,4,'XB00015',2,NULL),(5,4,'XD00020',1,NULL),(6,5,'IE00089',1,NULL),(7,5,'XB00008',1,NULL),(8,6,'IC00014',1,NULL),(9,6,'IE00064',1,NULL),(10,7,'XB00008',1,NULL),(11,8,'IC00059',1,NULL),(12,8,'IE00091',1,NULL),(13,8,'XB00020',1,NULL),(14,9,'AC00012',17,NULL),(15,10,'IE00008',1,NULL),(16,10,'XB00018',1,NULL);
/*!40000 ALTER TABLE `division` ENABLE KEYS */;
UNLOCK TABLES;

--
-- Table structure for table `professor`
--

DROP TABLE IF EXISTS `professor`;
/*!40101 SET @saved_cs_client     = @@character_set_client */;
/*!50503 SET character_set_client = utf8mb4 */;
CREATE TABLE `professor` (
  `id` int(11) NOT NULL AUTO_INCREMENT,
  `prof_num` varchar(50) NOT NULL,
  `name` varchar(50) CHARACTER SET utf8mb4 COLLATE utf8mb4_0900_ai_ci NOT NULL,
  `password` varchar(500) NOT NULL DEFAULT '1111',
  `dept_name` varchar(50) DEFAULT NULL,
  PRIMARY KEY (`id`)
) ENGINE=InnoDB AUTO_INCREMENT=5 DEFAULT CHARSET=utf8;
/*!40101 SET character_set_client = @saved_cs_client */;

--
-- Dumping data for table `professor`
--

LOCK TABLES `professor` WRITE;
/*!40000 ALTER TABLE `professor` DISABLE KEYS */;
INSERT INTO `professor` VALUES (1,'100101','윤지섭','1111','IT융합자율학부'),(2,'100102','진영아','1111','IT융합자율학부'),(3,'100103','박원석','1111','IT융합자율학부'),(4,'100104','오혜승','1111','IT융합자율학부');
/*!40000 ALTER TABLE `professor` ENABLE KEYS */;
UNLOCK TABLES;

--
-- Table structure for table `registration`
--

DROP TABLE IF EXISTS `registration`;
/*!40101 SET @saved_cs_client     = @@character_set_client */;
/*!50503 SET character_set_client = utf8mb4 */;
CREATE TABLE `registration` (
  `id` int(11) NOT NULL AUTO_INCREMENT,
  `stu_id` int(11) NOT NULL,
  `cour_id` int(11) NOT NULL,
  `div_id` int(11) NOT NULL,
  PRIMARY KEY (`id`),
  KEY `fk_registration_course1_idx` (`cour_id`),
  KEY `fk_registration_division1_idx` (`div_id`),
  KEY `fk_registration_student1` (`stu_id`),
  CONSTRAINT `fk_registration_course1` FOREIGN KEY (`cour_id`) REFERENCES `course` (`id`),
  CONSTRAINT `fk_registration_division1` FOREIGN KEY (`div_id`) REFERENCES `division` (`id`),
  CONSTRAINT `fk_registration_student1` FOREIGN KEY (`stu_id`) REFERENCES `student` (`id`)
) ENGINE=InnoDB AUTO_INCREMENT=214 DEFAULT CHARSET=utf8;
/*!40101 SET character_set_client = @saved_cs_client */;

--
-- Dumping data for table `registration`
--

LOCK TABLES `registration` WRITE;
/*!40000 ALTER TABLE `registration` DISABLE KEYS */;
INSERT INTO `registration` VALUES (1,1,3,1),(2,2,3,1),(3,4,3,1),(4,5,3,1),(5,6,3,1),(6,7,3,1),(7,8,3,1),(8,9,3,1),(10,10,3,1),(11,11,3,1),(12,12,3,1),(13,13,3,1),(14,14,3,1),(15,15,3,1),(16,16,3,1),(17,17,3,1),(18,18,3,1),(19,19,3,1),(20,20,3,1),(21,21,3,1),(22,22,3,1),(23,23,3,1),(24,24,3,1),(25,25,3,1),(26,26,3,1),(27,27,3,1),(28,28,3,1),(29,29,3,1),(30,30,3,1),(31,31,3,1),(32,32,3,1),(33,33,3,1),(34,34,3,1),(35,35,3,1),(36,36,3,1),(37,37,3,1),(38,38,3,1),(39,39,3,1),(40,40,3,1),(41,41,3,1),(42,42,3,1),(43,43,3,1),(44,20,6,8),(45,21,6,8),(46,22,6,8),(47,23,6,8),(48,24,6,8),(49,25,6,8),(50,26,6,8),(51,27,6,8),(52,28,6,8),(53,29,6,8),(54,30,6,8),(55,31,6,8),(56,32,6,8),(57,33,6,8),(58,34,6,8),(59,35,6,8),(60,36,6,8),(61,37,6,8),(62,38,6,8),(63,39,6,8),(64,40,6,8),(65,41,6,8),(66,42,6,8),(67,43,6,8),(68,14,6,9),(69,15,6,9),(70,16,6,9),(71,17,6,9),(72,18,6,9),(73,19,6,9),(74,4,8,11),(75,5,8,11),(76,6,8,11),(77,7,8,11),(78,8,8,11),(79,9,8,12),(80,10,8,12),(81,11,8,12),(82,12,8,12),(83,13,8,12),(84,14,8,11),(85,15,8,11),(86,16,8,11),(87,17,8,11),(88,18,8,11),(89,19,8,11),(90,20,8,11),(91,21,8,11),(92,22,8,11),(93,23,8,11),(94,44,5,6),(95,45,5,6),(96,46,5,6),(97,47,5,6),(98,48,5,6),(99,49,5,6),(100,50,5,6),(101,51,5,6),(102,52,5,6),(103,53,5,6),(104,54,5,7),(105,55,5,7),(106,56,5,7),(107,57,5,7),(108,58,5,7),(109,59,5,7),(110,60,5,7),(111,61,5,7),(112,62,5,7),(113,63,5,7),(114,64,5,7),(115,65,5,7),(116,66,5,7),(117,67,5,7),(118,68,5,7),(119,69,5,7),(120,70,5,7),(121,71,5,7),(122,72,5,7),(123,73,5,7),(124,44,4,3),(125,45,4,3),(126,46,4,3),(127,47,4,3),(128,48,4,3),(129,49,4,3),(130,50,4,3),(131,51,4,3),(132,52,4,3),(133,53,4,3),(134,54,4,5),(135,55,4,5),(136,56,4,5),(137,57,4,5),(138,58,4,5),(139,59,4,5),(140,60,4,5),(141,61,4,5),(142,62,4,5),(143,63,4,5),(144,64,4,2),(145,65,4,2),(146,66,4,2),(147,67,4,2),(148,68,4,2),(149,69,4,2),(150,70,4,2),(151,71,4,2),(152,72,4,2),(153,73,4,2),(154,74,4,2),(155,75,4,2),(156,76,4,2),(157,77,4,2),(158,78,4,2),(159,79,4,2),(160,80,4,2),(161,81,4,2),(162,82,4,2),(163,83,4,2),(164,44,9,14),(165,45,9,14),(166,46,9,14),(167,47,9,14),(168,48,9,14),(169,49,9,14),(170,50,9,14),(171,51,9,14),(172,52,9,14),(173,53,9,14),(174,54,9,14),(175,55,9,14),(176,56,9,14),(177,57,9,14),(178,58,9,14),(179,59,9,14),(180,60,9,14),(181,61,9,14),(182,62,9,14),(183,63,9,14),(184,44,10,15),(185,45,10,15),(186,46,10,15),(187,47,10,15),(188,48,10,15),(189,49,10,15),(190,50,10,15),(191,51,10,15),(192,52,10,15),(193,53,10,15),(194,54,10,15),(195,55,10,15),(196,56,10,15),(197,57,10,15),(198,58,10,15),(199,59,10,15),(200,60,10,15),(201,61,10,15),(202,62,10,15),(203,63,10,15),(204,64,10,16),(205,65,10,16),(206,66,10,16),(207,67,10,16),(208,68,10,16),(209,69,10,16),(210,70,10,16),(211,71,10,16),(212,72,10,16),(213,73,10,16);
/*!40000 ALTER TABLE `registration` ENABLE KEYS */;
UNLOCK TABLES;

--
-- Table structure for table `room`
--

DROP TABLE IF EXISTS `room`;
/*!40101 SET @saved_cs_client     = @@character_set_client */;
/*!50503 SET character_set_client = utf8mb4 */;
CREATE TABLE `room` (
  `id` int(11) NOT NULL AUTO_INCREMENT,
  `code` int(11) NOT NULL,
  `name` varchar(45) DEFAULT NULL,
  PRIMARY KEY (`id`)
) ENGINE=InnoDB AUTO_INCREMENT=3 DEFAULT CHARSET=utf8;
/*!40101 SET character_set_client = @saved_cs_client */;

--
-- Dumping data for table `room`
--

LOCK TABLES `room` WRITE;
/*!40000 ALTER TABLE `room` DISABLE KEYS */;
INSERT INTO `room` VALUES (1,6202,NULL),(2,6405,NULL);
/*!40000 ALTER TABLE `room` ENABLE KEYS */;
UNLOCK TABLES;

--
-- Table structure for table `semester`
--

DROP TABLE IF EXISTS `semester`;
/*!40101 SET @saved_cs_client     = @@character_set_client */;
/*!50503 SET character_set_client = utf8mb4 */;
CREATE TABLE `semester` (
  `id` int(11) NOT NULL AUTO_INCREMENT,
  `year` int(11) NOT NULL,
  `sem` int(1) NOT NULL,
  `start_date` date NOT NULL,
  `end_date` date NOT NULL,
  `week_num` int(11) NOT NULL,
  PRIMARY KEY (`id`)
) ENGINE=InnoDB AUTO_INCREMENT=3 DEFAULT CHARSET=utf8;
/*!40101 SET character_set_client = @saved_cs_client */;

--
-- Dumping data for table `semester`
--

LOCK TABLES `semester` WRITE;
/*!40000 ALTER TABLE `semester` DISABLE KEYS */;
INSERT INTO `semester` VALUES (1,2020,1,'2020-03-16','2020-07-03',15),(2,2019,2,'2019-08-26','2019-12-19',16);
/*!40000 ALTER TABLE `semester` ENABLE KEYS */;
UNLOCK TABLES;

--
-- Table structure for table `student`
--

DROP TABLE IF EXISTS `student`;
/*!40101 SET @saved_cs_client     = @@character_set_client */;
/*!50503 SET character_set_client = utf8mb4 */;
CREATE TABLE `student` (
  `id` int(11) NOT NULL AUTO_INCREMENT,
  `stu_num` varchar(50) NOT NULL COMMENT '학번',
  `password` varchar(500) NOT NULL DEFAULT '1111' COMMENT '비밀번호',
  `name` varchar(50) CHARACTER SET utf8mb4 COLLATE utf8mb4_0900_ai_ci NOT NULL COMMENT '이름',
  `dept_name` varchar(50) DEFAULT NULL COMMENT '학과이름',
  `year` int(11) NOT NULL COMMENT '학년',
  PRIMARY KEY (`id`)
) ENGINE=InnoDB AUTO_INCREMENT=258 DEFAULT CHARSET=utf8;
/*!40101 SET character_set_client = @saved_cs_client */;

--
-- Dumping data for table `student`
--

LOCK TABLES `student` WRITE;
/*!40000 ALTER TABLE `student` DISABLE KEYS */;
INSERT INTO `student` VALUES (1,'201632001','1111','고은별','소프트웨어공학과',3),(2,'201632002','1111','고정희','소프트웨어공학과',3),(4,'200032004','1111','곽재구','국어국문학',2),(5,'200032005','1111','기형도','국어국문학',1),(6,'200032006','1111','김경호','국어국문학',2),(7,'200032007','1111','김관식','국어국문학',1),(8,'200032008','1111','김광균','국어국문학',1),(9,'200032009','1111','김광섭','국어국문학',2),(10,'200032010','1111','김기린','국어국문학',2),(11,'200032011','1111','김기만','국어국문학',2),(12,'200032012','1111','김남조','국어국문학',2),(13,'200032013','1111','김동명','국어국문학',2),(14,'200032014','1111','김동환','국어국문학',2),(15,'200032015','1111','김미선','국어국문학',2),(16,'200032016','1111','김상용','국어국문학',3),(17,'200032017','1111','김소엽','국어국문학',3),(18,'200032018','1111','김소월','국어국문학',3),(19,'200032019','1111','김수영','국어국문학',3),(20,'200032020','1111','김억','국어국문학',3),(21,'200032021','1111','김여정','국어국문학',3),(22,'200032022','1111','김영랑','국어국문학',3),(23,'200032023','1111','김영승','국어국문학',3),(24,'200032024','1111','김영주','국어국문학',3),(25,'200032025','1111','김영현','국어국문학',3),(26,'200032026','1111','김용택','국어국문학',1),(27,'200032027','1111','김윤미','국어국문학',3),(28,'200032028','1111','김일곤','국어국문학',1),(29,'200032029','1111','김정환','국어국문학',1),(30,'200032030','1111','김조화','국어국문학',3),(31,'200132001','1111','김종삼','국어국문학',1),(32,'200132002','1111','김지하','국어국문학',3),(33,'200132003','1111','김초혜','국어국문학',2),(34,'200132004','1111','김춘수','국어국문학',2),(35,'200132006','1111','김혜기','국어국문학',2),(36,'200132007','1111','김홍숙','국어국문학',2),(37,'200132008','1111','김희','국어국문학',3),(38,'200132009','1111','나태주','국어국문학',3),(39,'200132010','1111','나해철','국어국문학',1),(40,'200132011','1111','나혁채','국어국문학',1),(41,'200132012','1111','노천명','국어국문학',1),(42,'200132013','1111','도종환','국어국문학',3),(43,'200132014','1111','류경우','국어국문학',1),(44,'200132015','1111','류소진','국어국문학',1),(45,'200132016','1111','류시화','국어국문학',3),(46,'200132017','1111','류정숙','국어국문학',3),(47,'200132018','1111','마광수','국어국문학',3),(48,'200132019','1111','마종기','국어국문학',3),(49,'200532014','1111','홍길동','국어국문학',3),(50,'200032001','1111','고은','영어영문학',2),(51,'200132005','1111','김현승','영어영문학',2),(52,'200132020','1111','모윤숙','영어영문학',1),(53,'200132021','1111','문병란','영어영문학',1),(54,'200132022','1111','문부식','영어영문학',1),(55,'200132023','1111','민초희','영어영문학',2),(56,'200132024','1111','박공배','영어영문학',1),(57,'200132025','1111','박기남','영어영문학',2),(58,'200132026','1111','박노해','영어영문학',2),(59,'200132027','1111','박렬','영어영문학',2),(60,'200132028','1111','박목월','영어영문학',2),(61,'200132029','1111','박성룡','영어영문학',2),(62,'200132030','1111','박영남','영어영문학',2),(63,'200232001','1111','박용래','영어영문학',2),(64,'200232002','1111','박용재','영어영문학',2),(65,'200232003','1111','박용주','영어영문학',2),(66,'200232004','1111','박용철','영어영문학',2),(67,'200232005','1111','박인환','영어영문학',3),(68,'200232006','1111','박재삼','영어영문학',3),(69,'200232007','1111','박정하','영어영문학',3),(70,'200232008','1111','박진환','영어영문학',3),(71,'200232009','1111','박흥준','영어영문학',3),(72,'200232010','1111','박희진','영어영문학',1),(73,'200232011','1111','백무산','영어영문학',3),(74,'200232012','1111','변영로','영어영문학',1),(75,'200232013','1111','복효근','영어영문학',1),(76,'200232014','1111','서안나','영어영문학',1),(77,'200232015','1111','서정윤','영어영문학',1),(78,'200232016','1111','서정주','영어영문학',3),(79,'200232017','1111','성지희','영어영문학',1),(80,'200232018','1111','손종일','영어영문학',1),(81,'200232019','1111','송근영','영어영문학',3),(82,'200232020','1111','송기원','영어영문학',3),(83,'200232021','1111','송명','영어영문학',3),(84,'200232022','1111','송명호','영어영문학',3),(85,'200232023','1111','송종철','영어영문학',3),(86,'200232024','1111','신경림','영어영문학',1),(87,'200232025','1111','신달자','영어영문학',1),(88,'200232026','1111','신대철','영어영문학',3),(89,'200232027','1111','신동엽','영어영문학',1),(90,'200232028','1111','신동춘','영어영문학',1),(91,'200232029','1111','신석정','영어영문학',1),(92,'200232030','1111','신재순','영어영문학',1),(93,'200332001','1111','신진호','영어영문학',1),(94,'200332002','1111','신효정','영어영문학',1),(95,'200332003','1111','심훈','영어영문학',1),(96,'200332004','1111','안도현','영어영문학',1),(97,'200332005','1111','안상학','영어영문학',1),(98,'200332006','1111','엄원태','영어영문학',3),(99,'200332007','1111','여경희','영어영문학',3),(100,'200332008','1111','오세영','영어영문학',3),(101,'200332009','1111','오순화','영어영문학',2),(102,'200532013','1111','강감찬','영어영문학',1),(104,'200332010','1111','유병옥','불어불문학',2),(105,'200332011','1111','유안진','불어불문학',2),(106,'200332012','1111','유치환','불어불문학',2),(107,'200332013','1111','유하','불어불문학',2),(108,'200332014','1111','유환숙','불어불문학',2),(109,'200332015','1111','윤동주','불어불문학',2),(110,'200332016','1111','이강원','불어불문학',2),(111,'200332017','1111','이경아','불어불문학',2),(112,'200332018','1111','이규경','불어불문학',2),(113,'200332019','1111','이규호','불어불문학',1),(114,'200332020','1111','이동식','불어불문학',1),(115,'200332021','1111','이문제','불어불문학',1),(116,'200332022','1111','이병기','불어불문학',1),(117,'200332023','1111','이병우','불어불문학',3),(118,'200332024','1111','이상','불어불문학',3),(119,'200332025','1111','이상화','불어불문학',3),(120,'200332026','1111','이생진','불어불문학',3),(121,'200332027','1111','이성복','불어불문학',3),(122,'200332028','1111','이세룡','불어불문학',3),(123,'200332029','1111','이수익','불어불문학',3),(124,'200332030','1111','이시영','불어불문학',3),(125,'200432001','1111','이연주','불어불문학',3),(126,'200432002','1111','이영도','불어불문학',2),(127,'200432003','1111','이외수','불어불문학',2),(128,'200432004','1111','이육사','불어불문학',2),(129,'200432005','1111','이은상','불어불문학',2),(130,'200432006','1111','이정하','불어불문학',2),(131,'200432007','1111','이해인','불어불문학',2),(132,'200432008','1111','이형기','불어불문학',3),(133,'200432009','1111','임신행','불어불문학',2),(134,'200432010','1111','임영봉','불어불문학',2),(135,'200432011','1111','장달식','불어불문학',3),(136,'200432012','1111','장만영','불어불문학',3),(137,'200432013','1111','장서언','불어불문학',3),(138,'200432014','1111','장석남','불어불문학',3),(139,'200432015','1111','장정일','불어불문학',3),(140,'200432016','1111','정기석','불어불문학',3),(141,'200432017','1111','정두리','불어불문학',3),(142,'200432018','1111','정민기','불어불문학',3),(143,'200432019','1111','정세훈','불어불문학',1),(144,'200432020','1111','정유정','불어불문학',1),(145,'200432021','1111','정현종','불어불문학',1),(146,'200432022','1111','정호승','불어불문학',1),(147,'200432023','1111','조동진','불어불문학',1),(148,'200432024','1111','조병화','불어불문학',1),(149,'200432025','1111','조정권','불어불문학',1),(150,'200432026','1111','조지훈','불어불문학',1),(151,'200432027','1111','주요한','불어불문학',1),(152,'200432028','1111','천상병','불어불문학',1),(153,'200432029','1111','천승세','불어불문학',1),(154,'200432030','1111','최복현','불어불문학',3),(155,'200532001','1111','최영미','불어불문학',3),(156,'200532002','1111','최예선','불어불문학',2),(157,'200532003','1111','최은하','불어불문학',2),(158,'200532004','1111','한계섭','불어불문학',2),(159,'200532005','1111','한용운','불어불문학',3),(160,'200532006','1111','한하운','불어불문학',3),(161,'200532007','1111','함석헌','불어불문학',1),(162,'200532008','1111','황금찬','불어불문학',1),(163,'200532009','1111','황동규','불어불문학',1),(164,'200532010','1111','황석우','불어불문학',1),(165,'200532011','1111','황인숙','불어불문학',1),(166,'200532012','1111','황지하','불어불문학',1),(167,'201732033','1111','정은애','소프트웨어공학과',4);
/*!40000 ALTER TABLE `student` ENABLE KEYS */;
UNLOCK TABLES;

--
-- Table structure for table `time`
--

DROP TABLE IF EXISTS `time`;
/*!40101 SET @saved_cs_client     = @@character_set_client */;
/*!50503 SET character_set_client = utf8mb4 */;
CREATE TABLE `time` (
  `id` int(11) NOT NULL AUTO_INCREMENT,
  `cour_id` int(11) NOT NULL,
  `start_date` date NOT NULL,
  `start_time` time NOT NULL,
  `end_time` time NOT NULL,
  `day_of_week` int(1) NOT NULL,
  PRIMARY KEY (`id`),
  KEY `fk_time_course1_idx` (`cour_id`),
  CONSTRAINT `fk_time_course1` FOREIGN KEY (`cour_id`) REFERENCES `course` (`id`)
) ENGINE=InnoDB AUTO_INCREMENT=12 DEFAULT CHARSET=utf8;
/*!40101 SET character_set_client = @saved_cs_client */;

--
-- Dumping data for table `time`
--

LOCK TABLES `time` WRITE;
/*!40000 ALTER TABLE `time` DISABLE KEYS */;
INSERT INTO `time` VALUES (1,3,'2020-03-16','09:00:00','11:50:00',1),(2,4,'2020-03-18','09:00:00','11:50:00',3),(3,5,'2020-03-16','12:00:00','13:15:00',1),(4,5,'2020-03-18','12:00:00','13:15:00',3),(5,6,'2020-03-17','12:00:00','14:50:00',2),(6,6,'2020-03-17','18:25:00','21:10:00',2),(7,7,'2019-08-28','09:00:00','11:50:00',3),(8,8,'2020-03-19','09:00:00','11:50:00',4),(9,9,'2020-03-20','13:00:00','14:50:00',5),(10,10,'2020-03-17','15:00:00','16:15:00',2),(11,10,'2020-03-19','15:00:00','16:15:00',4);
/*!40000 ALTER TABLE `time` ENABLE KEYS */;
UNLOCK TABLES;
/*!40103 SET TIME_ZONE=@OLD_TIME_ZONE */;

/*!40101 SET SQL_MODE=@OLD_SQL_MODE */;
/*!40014 SET FOREIGN_KEY_CHECKS=@OLD_FOREIGN_KEY_CHECKS */;
/*!40014 SET UNIQUE_CHECKS=@OLD_UNIQUE_CHECKS */;
/*!40101 SET CHARACTER_SET_CLIENT=@OLD_CHARACTER_SET_CLIENT */;
/*!40101 SET CHARACTER_SET_RESULTS=@OLD_CHARACTER_SET_RESULTS */;
/*!40101 SET COLLATION_CONNECTION=@OLD_COLLATION_CONNECTION */;
/*!40111 SET SQL_NOTES=@OLD_SQL_NOTES */;

-- Dump completed on 2020-04-15 12:30:33
